[
{
    "fields": {
        "question": 3, 
        "picture": "uploaded/bettler.jpg", 
        "vine_url": ""
    }, 
    "pk": 2, 
    "model": "core.questionmediaattachement"
},
{
    "fields": {
        "question": 36, 
        "picture": "uploaded/3774463421_48bdda633a_o.jpg", 
        "vine_url": ""
    }, 
    "pk": 5, 
    "model": "core.questionmediaattachement"
},
{
    "fields": {
        "question": 54, 
        "picture": "uploaded/tumblr_inline_mpa7yadZkt1qz4rgp.gif", 
        "vine_url": ""
    }, 
    "pk": 6, 
    "model": "core.questionmediaattachement"
},
{
    "fields": {
        "object_id": 3, 
        "content_type": [
            "core", 
            "booleanquestion"
        ], 
        "thematic": 2, 
        "position": 3
    }, 
    "pk": 6, 
    "model": "core.thematicelement"
},
{
    "fields": {
        "object_id": 4, 
        "content_type": [
            "core", 
            "useragequestion"
        ], 
        "thematic": 1, 
        "position": 1
    }, 
    "pk": 8, 
    "model": "core.thematicelement"
},
{
    "fields": {
        "object_id": 5, 
        "content_type": [
            "core", 
            "usergenderquestion"
        ], 
        "thematic": 1, 
        "position": 2
    }, 
    "pk": 9, 
    "model": "core.thematicelement"
},
{
    "fields": {
        "object_id": 6, 
        "content_type": [
            "core", 
            "usercountryquestion"
        ], 
        "thematic": 1, 
        "position": 3
    }, 
    "pk": 11, 
    "model": "core.thematicelement"
},
{
    "fields": {
        "object_id": 7, 
        "content_type": [
            "core", 
            "usercountryquestion"
        ], 
        "thematic": 1, 
        "position": 4
    }, 
    "pk": 13, 
    "model": "core.thematicelement"
},
{
    "fields": {
        "object_id": 8, 
        "content_type": [
            "core", 
            "mediaselectionquestion"
        ], 
        "thematic": 3, 
        "position": 1
    }, 
    "pk": 15, 
    "model": "core.thematicelement"
},
{
    "fields": {
        "object_id": 10, 
        "content_type": [
            "core", 
            "mediaradioquestion"
        ], 
        "thematic": 3, 
        "position": 3
    }, 
    "pk": 23, 
    "model": "core.thematicelement"
},
{
    "fields": {
        "object_id": 11, 
        "content_type": [
            "core", 
            "mediaradioquestion"
        ], 
        "thematic": 4, 
        "position": 1
    }, 
    "pk": 27, 
    "model": "core.thematicelement"
},
{
    "fields": {
        "object_id": 12, 
        "content_type": [
            "core", 
            "booleanquestion"
        ], 
        "thematic": 5, 
        "position": 1
    }, 
    "pk": 31, 
    "model": "core.thematicelement"
},
{
    "fields": {
        "object_id": 14, 
        "content_type": [
            "core", 
            "booleanquestion"
        ], 
        "thematic": 2, 
        "position": 2
    }, 
    "pk": 39, 
    "model": "core.thematicelement"
},
{
    "fields": {
        "object_id": 15, 
        "content_type": [
            "core", 
            "typednumberquestion"
        ], 
        "thematic": 3, 
        "position": 2
    }, 
    "pk": 41, 
    "model": "core.thematicelement"
},
{
    "fields": {
        "object_id": 16, 
        "content_type": [
            "core", 
            "mediaradioquestion"
        ], 
        "thematic": 2, 
        "position": 1
    }, 
    "pk": 43, 
    "model": "core.thematicelement"
},
{
    "fields": {
        "object_id": 17, 
        "content_type": [
            "core", 
            "mediaradioquestion"
        ], 
        "thematic": 4, 
        "position": 2
    }, 
    "pk": 44, 
    "model": "core.thematicelement"
},
{
    "fields": {
        "object_id": 18, 
        "content_type": [
            "core", 
            "mediaradioquestion"
        ], 
        "thematic": 6, 
        "position": 1
    }, 
    "pk": 45, 
    "model": "core.thematicelement"
},
{
    "fields": {
        "object_id": 19, 
        "content_type": [
            "core", 
            "booleanquestion"
        ], 
        "thematic": 6, 
        "position": 2
    }, 
    "pk": 46, 
    "model": "core.thematicelement"
},
{
    "fields": {
        "object_id": 20, 
        "content_type": [
            "core", 
            "mediaradioquestion"
        ], 
        "thematic": 6, 
        "position": 3
    }, 
    "pk": 47, 
    "model": "core.thematicelement"
},
{
    "fields": {
        "object_id": 21, 
        "content_type": [
            "core", 
            "mediaselectionquestion"
        ], 
        "thematic": 6, 
        "position": 4
    }, 
    "pk": 48, 
    "model": "core.thematicelement"
},
{
    "fields": {
        "object_id": 22, 
        "content_type": [
            "core", 
            "mediaradioquestion"
        ], 
        "thematic": 6, 
        "position": 5
    }, 
    "pk": 49, 
    "model": "core.thematicelement"
},
{
    "fields": {
        "object_id": 23, 
        "content_type": [
            "core", 
            "mediaradioquestion"
        ], 
        "thematic": 6, 
        "position": 6
    }, 
    "pk": 50, 
    "model": "core.thematicelement"
},
{
    "fields": {
        "object_id": 24, 
        "content_type": [
            "core", 
            "mediaradioquestion"
        ], 
        "thematic": 6, 
        "position": 7
    }, 
    "pk": 51, 
    "model": "core.thematicelement"
},
{
    "fields": {
        "object_id": 25, 
        "content_type": [
            "core", 
            "booleanquestion"
        ], 
        "thematic": 6, 
        "position": 8
    }, 
    "pk": 52, 
    "model": "core.thematicelement"
},
{
    "fields": {
        "object_id": 28, 
        "content_type": [
            "core", 
            "mediaradioquestion"
        ], 
        "thematic": 5, 
        "position": 2
    }, 
    "pk": 55, 
    "model": "core.thematicelement"
},
{
    "fields": {
        "object_id": 29, 
        "content_type": [
            "core", 
            "mediaradioquestion"
        ], 
        "thematic": 5, 
        "position": 3
    }, 
    "pk": 56, 
    "model": "core.thematicelement"
},
{
    "fields": {
        "object_id": 30, 
        "content_type": [
            "core", 
            "mediaradioquestion"
        ], 
        "thematic": 5, 
        "position": 3
    }, 
    "pk": 57, 
    "model": "core.thematicelement"
},
{
    "fields": {
        "object_id": 31, 
        "content_type": [
            "core", 
            "mediaselectionquestion"
        ], 
        "thematic": 5, 
        "position": 5
    }, 
    "pk": 58, 
    "model": "core.thematicelement"
},
{
    "fields": {
        "object_id": 32, 
        "content_type": [
            "core", 
            "typednumberquestion"
        ], 
        "thematic": 5, 
        "position": 6
    }, 
    "pk": 59, 
    "model": "core.thematicelement"
},
{
    "fields": {
        "object_id": 33, 
        "content_type": [
            "core", 
            "booleanquestion"
        ], 
        "thematic": 5, 
        "position": 7
    }, 
    "pk": 60, 
    "model": "core.thematicelement"
},
{
    "fields": {
        "object_id": 34, 
        "content_type": [
            "core", 
            "mediaradioquestion"
        ], 
        "thematic": 5, 
        "position": 8
    }, 
    "pk": 61, 
    "model": "core.thematicelement"
},
{
    "fields": {
        "object_id": 35, 
        "content_type": [
            "core", 
            "mediaradioquestion"
        ], 
        "thematic": 5, 
        "position": 9
    }, 
    "pk": 62, 
    "model": "core.thematicelement"
},
{
    "fields": {
        "object_id": 37, 
        "content_type": [
            "core", 
            "mediaselectionquestion"
        ], 
        "thematic": 5, 
        "position": 11
    }, 
    "pk": 63, 
    "model": "core.thematicelement"
},
{
    "fields": {
        "object_id": 36, 
        "content_type": [
            "core", 
            "booleanquestion"
        ], 
        "thematic": 5, 
        "position": 10
    }, 
    "pk": 64, 
    "model": "core.thematicelement"
},
{
    "fields": {
        "object_id": 38, 
        "content_type": [
            "core", 
            "booleanquestion"
        ], 
        "thematic": 5, 
        "position": 12
    }, 
    "pk": 65, 
    "model": "core.thematicelement"
},
{
    "fields": {
        "object_id": 39, 
        "content_type": [
            "core", 
            "booleanquestion"
        ], 
        "thematic": 5, 
        "position": 13
    }, 
    "pk": 66, 
    "model": "core.thematicelement"
},
{
    "fields": {
        "object_id": 41, 
        "content_type": [
            "core", 
            "mediaradioquestion"
        ], 
        "thematic": 4, 
        "position": 3
    }, 
    "pk": 68, 
    "model": "core.thematicelement"
},
{
    "fields": {
        "object_id": 42, 
        "content_type": [
            "core", 
            "mediaselectionquestion"
        ], 
        "thematic": 3, 
        "position": 4
    }, 
    "pk": 69, 
    "model": "core.thematicelement"
},
{
    "fields": {
        "object_id": 43, 
        "content_type": [
            "core", 
            "typednumberquestion"
        ], 
        "thematic": 3, 
        "position": 5
    }, 
    "pk": 70, 
    "model": "core.thematicelement"
},
{
    "fields": {
        "object_id": 44, 
        "content_type": [
            "core", 
            "booleanquestion"
        ], 
        "thematic": 3, 
        "position": 6
    }, 
    "pk": 71, 
    "model": "core.thematicelement"
},
{
    "fields": {
        "object_id": 45, 
        "content_type": [
            "core", 
            "typednumberquestion"
        ], 
        "thematic": 3, 
        "position": 7
    }, 
    "pk": 72, 
    "model": "core.thematicelement"
},
{
    "fields": {
        "object_id": 46, 
        "content_type": [
            "core", 
            "typednumberquestion"
        ], 
        "thematic": 3, 
        "position": 8
    }, 
    "pk": 73, 
    "model": "core.thematicelement"
},
{
    "fields": {
        "object_id": 47, 
        "content_type": [
            "core", 
            "mediaselectionquestion"
        ], 
        "thematic": 3, 
        "position": 9
    }, 
    "pk": 74, 
    "model": "core.thematicelement"
},
{
    "fields": {
        "object_id": 48, 
        "content_type": [
            "core", 
            "mediaradioquestion"
        ], 
        "thematic": 2, 
        "position": 4
    }, 
    "pk": 75, 
    "model": "core.thematicelement"
},
{
    "fields": {
        "object_id": 49, 
        "content_type": [
            "core", 
            "mediaradioquestion"
        ], 
        "thematic": 2, 
        "position": 5
    }, 
    "pk": 76, 
    "model": "core.thematicelement"
},
{
    "fields": {
        "object_id": 50, 
        "content_type": [
            "core", 
            "booleanquestion"
        ], 
        "thematic": 2, 
        "position": 6
    }, 
    "pk": 77, 
    "model": "core.thematicelement"
},
{
    "fields": {
        "object_id": 51, 
        "content_type": [
            "core", 
            "mediaselectionquestion"
        ], 
        "thematic": 2, 
        "position": 7
    }, 
    "pk": 78, 
    "model": "core.thematicelement"
},
{
    "fields": {
        "object_id": 52, 
        "content_type": [
            "core", 
            "mediaselectionquestion"
        ], 
        "thematic": 2, 
        "position": 8
    }, 
    "pk": 79, 
    "model": "core.thematicelement"
},
{
    "fields": {
        "object_id": 54, 
        "content_type": [
            "core", 
            "mediaradioquestion"
        ], 
        "thematic": 2, 
        "position": 11
    }, 
    "pk": 80, 
    "model": "core.thematicelement"
},
{
    "fields": {
        "object_id": 53, 
        "content_type": [
            "core", 
            "mediaradioquestion"
        ], 
        "thematic": 2, 
        "position": 9
    }, 
    "pk": 81, 
    "model": "core.thematicelement"
},
{
    "fields": {
        "object_id": 55, 
        "content_type": [
            "core", 
            "mediaradioquestion"
        ], 
        "thematic": 2, 
        "position": 10
    }, 
    "pk": 82, 
    "model": "core.thematicelement"
},
{
    "fields": {
        "object_id": 56, 
        "content_type": [
            "core", 
            "mediaselectionquestion"
        ], 
        "thematic": 2, 
        "position": 12
    }, 
    "pk": 83, 
    "model": "core.thematicelement"
},
{
    "fields": {
        "object_id": 57, 
        "content_type": [
            "core", 
            "mediaradioquestion"
        ], 
        "thematic": 2, 
        "position": 13
    }, 
    "pk": 84, 
    "model": "core.thematicelement"
},
{
    "fields": {
        "object_id": 58, 
        "content_type": [
            "core", 
            "mediaradioquestion"
        ], 
        "thematic": 2, 
        "position": 14
    }, 
    "pk": 85, 
    "model": "core.thematicelement"
},
{
    "fields": {
        "slug": "toi", 
        "title": "You", 
        "position": 1, 
        "intro_description": "<p>Worried about privacy? You should. We are, too. That's why we don't store any personal information about you.</p>", 
        "outro_description": "test"
    }, 
    "pk": 1, 
    "model": "core.thematic"
},
{
    "fields": {
        "slug": "travail", 
        "title": "Your Work", 
        "position": 2, 
        "intro_description": "<p>Temporary contracts. Permanent job-hunt. Playing online poker for a living. Editing Wikipedia. Work can be many things. But economists still measure (un)employment the same way.</p> <br/> \n<p><strong> What&rsquo;s work for you?</strong></p>", 
        "outro_description": "test"
    }, 
    "pk": 2, 
    "model": "core.thematic"
},
{
    "fields": {
        "slug": "argent", 
        "title": "Your Money", 
        "position": 3, 
        "intro_description": "The cash machine in your bank&rsquo;s local branch fuels your life. But what if your source of money dries up? Doing small jobs here and there, selling stuff on ebay, asking family and friends for cash. That&rsquo;s what young people do get by. <br> <strong>How do you make ends meet?</strong>", 
        "outro_description": "test"
    }, 
    "pk": 3, 
    "model": "core.thematic"
},
{
    "fields": {
        "slug": "education", 
        "title": "Your Education", 
        "position": 4, 
        "intro_description": "Your teachers have always told you that being good at Maths and English, learning to type with ten fingers, enrolling auto mechanic training or studying law will guarantee you a quiet life. <br> <strong>What are the skills that you really need in your working life?</strong>", 
        "outro_description": "test"
    }, 
    "pk": 4, 
    "model": "core.thematic"
},
{
    "fields": {
        "slug": "gouvernement", 
        "title": "Your Government", 
        "position": 5, 
        "intro_description": "What&rsquo;s a minimum salary that doesn&rsquo;t destroy jobs? How can we ensure that women make as much money as men? That&rsquo;s what politicians debate. Some think we should pay everybody a universal income - with no obligation to work. <br> <strong>If you were Minister of Labour for one day, what would be your plan?</strong>", 
        "outro_description": "test"
    }, 
    "pk": 5, 
    "model": "core.thematic"
},
{
    "fields": {
        "slug": "avenir", 
        "title": "Your Future", 
        "position": 6, 
        "intro_description": "A 38-hour week. A single-family, detached house. Retirement with 62. That might have been your parents\u2019  work life plan. The circumstances have changed. Our generation is dreaming a different dream. But what\u2019s still to come? Will self-driving cars bring our children to school? <br> <strong>How do you see your future World of Work?</strong>", 
        "outro_description": "test"
    }, 
    "pk": 6, 
    "model": "core.thematic"
},
{
    "fields": {
        "html_sentence": "In France begging was considered a <strong>normal activity</strong> until the <strong>end of the 19th century</strong>. In the 20th century it went out of fashion and some beggars would even wear masks while doing their job.", 
        "content_type": [
            "core", 
            "staticfeedback"
        ]
    }, 
    "pk": 3, 
    "model": "core.basefeedback"
},
{
    "fields": {
        "html_sentence": "As a young European chances are <strong>almost 50%&nbsp;that you owe money</strong> to your bank, family or friends. The median debt of young people in Europe is <strong>5000 \u20ac</strong>.", 
        "content_type": [
            "core", 
            "staticfeedback"
        ]
    }, 
    "pk": 4, 
    "model": "core.basefeedback"
},
{
    "fields": {
        "html_sentence": "Often theft in the workplace doesn't have anything to do with \"real world\" crime. Those <strong>who steal most</strong> are also those who <strong>work most</strong>. They think they're not paid enough.", 
        "content_type": [
            "core", 
            "staticfeedback"
        ]
    }, 
    "pk": 6, 
    "model": "core.basefeedback"
},
{
    "fields": {
        "html_sentence": "Academics agree on this matter: <strong>social background and parents' opinions</strong> matter most when young people decide what to do with their lives.", 
        "content_type": [
            "core", 
            "staticfeedback"
        ]
    }, 
    "pk": 7, 
    "model": "core.basefeedback"
},
{
    "fields": {
        "html_sentence": "The average McDonald's worker has to work <strong>7 months</strong> to get what the company's CEO takes home in <strong>just 1 hour</strong>.", 
        "content_type": [
            "core", 
            "staticfeedback"
        ]
    }, 
    "pk": 8, 
    "model": "core.basefeedback"
},
{
    "fields": {
        "html_sentence": "Spain is Erasmus destination <strong>#1</strong>.", 
        "content_type": [
            "core", 
            "staticfeedback"
        ]
    }, 
    "pk": 10, 
    "model": "core.basefeedback"
},
{
    "fields": {
        "html_sentence": "In Germany people seem to love their jobs. After a <strong>10 million \u20ac</strong> win only <strong>every third man</strong> would <strong>quit</strong> his job. <strong>Women</strong> are even more attached to their work: <strong>only every fourth</strong> would pack it all in.", 
        "content_type": [
            "core", 
            "staticfeedback"
        ]
    }, 
    "pk": 11, 
    "model": "core.basefeedback"
},
{
    "fields": {
        "html_sentence": "Distorted perception: The French are amongst those who are the <strong>most insecure about their jobs</strong> in Europe. At the same time their jobs are also the most stable.", 
        "content_type": [
            "core", 
            "staticfeedback"
        ]
    }, 
    "pk": 12, 
    "model": "core.basefeedback"
},
{
    "fields": {
        "html_sentence": "If a government wants to increase birth rates, it\u2019s <strong>more effective to build day nurseries and kindergartens</strong>, than to pay people for staying at home with their children. Seems to work even in Germany!", 
        "content_type": [
            "core", 
            "staticfeedback"
        ]
    }, 
    "pk": 13, 
    "model": "core.basefeedback"
},
{
    "fields": {
        "html_sentence": "9 out of 10 French find it normal to <strong>\u201carrange\u201d their CV</strong> and only 1 employer out of 5 actually check what people send them.", 
        "content_type": [
            "core", 
            "staticfeedback"
        ]
    }, 
    "pk": 14, 
    "model": "core.basefeedback"
},
{
    "fields": {
        "html_sentence": "Granny and grandad at the office? <strong>Half of the German population</strong> thinks that they will be able to work <strong>beyond the age of 69</strong>.", 
        "content_type": [
            "core", 
            "staticfeedback"
        ]
    }, 
    "pk": 15, 
    "model": "core.basefeedback"
},
{
    "fields": {
        "html_sentence": "Family disputes in sight: <strong>9 out of 10</strong> family business <strong>owners</strong> could <strong>not</strong> imagine <strong>selling</strong> their company.", 
        "content_type": [
            "core", 
            "staticfeedback"
        ]
    }, 
    "pk": 16, 
    "model": "core.basefeedback"
},
{
    "fields": {
        "html_sentence": "Only <strong>1 in 6&nbsp;</strong>in Europe would <strong>start a business</strong> if they inherited money. Every third would buy a house.", 
        "content_type": [
            "core", 
            "staticfeedback"
        ]
    }, 
    "pk": 17, 
    "model": "core.basefeedback"
},
{
    "fields": {
        "html_sentence": "70%&nbsp;of EU citizens think that \"robots steal people's jobs\". According to an Oxford study <strong>models</strong>, <strong>waiters</strong>, <strong>taxi drivers</strong>, and <strong>accountants</strong> are amongst the jobs most likely to disappear.", 
        "content_type": [
            "core", 
            "staticfeedback"
        ]
    }, 
    "pk": 18, 
    "model": "core.basefeedback"
},
{
    "fields": {
        "html_sentence": "<p> professionally useful there.</p>", 
        "content_type": [
            "core", 
            "staticfeedback"
        ]
    }, 
    "pk": 20, 
    "model": "core.basefeedback"
},
{
    "fields": {
        "html_sentence": "Economists say that crises make people increase their efforts at work. But that does not seem to be the case for everybody. Three-quarters of Dutch workers do not see the financial crisis as a reason to work harder.", 
        "content_type": [
            "core", 
            "staticfeedback"
        ]
    }, 
    "pk": 21, 
    "model": "core.basefeedback"
},
{
    "fields": {
        "html_sentence": "The gender pay gap - everybody talks about it but <strong>nobody actually sees it</strong>. That\u2019s also what Finnish study shows: Female employees often consider themselves as well-paid as their male counterparts even if they aren\u2019t.", 
        "content_type": [
            "core", 
            "staticfeedback"
        ]
    }, 
    "pk": 22, 
    "model": "core.basefeedback"
},
{
    "fields": {
        "html_sentence": "1 out of 2 Europeans would be <strong>angry to learn that their boss monitors their professional emails</strong>. They don\u2019t seem to realise that this can actually be legal.", 
        "content_type": [
            "core", 
            "staticfeedback"
        ]
    }, 
    "pk": 23, 
    "model": "core.basefeedback"
},
{
    "fields": {
        "html_sentence": "Disappointed by your paycheck? In Portugal the minimum salary is only 566\u00a0\u20ac.", 
        "content_type": [
            "core", 
            "staticfeedback"
        ]
    }, 
    "pk": 24, 
    "model": "core.basefeedback"
},
{
    "fields": {
        "html_sentence": "Taking care of your grand-parents can be a full time job. And therefore half of the European population thinks you <strong>should be paid for it</strong> by your government!", 
        "content_type": [
            "core", 
            "staticfeedback"
        ]
    }, 
    "pk": 25, 
    "model": "core.basefeedback"
},
{
    "fields": {
        "html_sentence": "Nobody actually evaluates if career advice services are effective. We only know for sure that <strong>many counselors doubt that they\u2019re doing a good job</strong>.", 
        "content_type": [
            "core", 
            "staticfeedback"
        ]
    }, 
    "pk": 26, 
    "model": "core.basefeedback"
},
{
    "fields": {
        "html_sentence": "Every third immigrant has a university degree. That's much more than the general population.", 
        "content_type": [
            "core", 
            "staticfeedback"
        ]
    }, 
    "pk": 27, 
    "model": "core.basefeedback"
},
{
    "fields": {
        "html_sentence": "Sheltered employment is a trap. Many policies see it as a springboard into the \u201cregular\u201d labor market. But <strong>only very few people manage to make the transition</strong>. In Austria it\u2019s less then every 30th. ", 
        "content_type": [
            "core", 
            "staticfeedback"
        ]
    }, 
    "pk": 28, 
    "model": "core.basefeedback"
},
{
    "fields": {
        "html_sentence": "Young people are not interested in trade unions. Less than every 10th has a membership card.", 
        "content_type": [
            "core", 
            "staticfeedback"
        ]
    }, 
    "pk": 29, 
    "model": "core.basefeedback"
},
{
    "fields": {
        "html_sentence": "You can tweak your CV as much as you want. If you have the <strong>wrong name</strong> or live in the <strong>wrong place</strong> you still get discriminated against. That\u2019s why some governments try out anonymous CVs.", 
        "content_type": [
            "core", 
            "staticfeedback"
        ]
    }, 
    "pk": 30, 
    "model": "core.basefeedback"
},
{
    "fields": {
        "html_sentence": "Older people are generally against a <strong>universal basic income</strong>. For young people it\u2019s less of a problem to receive money without having to work for it. Economists say that financial incentives make us work harder but not necessarily smarter. It\u2019s hard to say what the actual effects of a basic income on the labor market would be.", 
        "content_type": [
            "core", 
            "staticfeedback"
        ]
    }, 
    "pk": 31, 
    "model": "core.basefeedback"
},
{
    "fields": {
        "html_sentence": "In France <strong>one out of ten students</strong> enrolls preparation classes for university, so called <em>pr\u00e9pas</em>, after they finish school. Some of them are 2 years long and extremely demanding.", 
        "content_type": [
            "core", 
            "staticfeedback"
        ]
    }, 
    "pk": 33, 
    "model": "core.basefeedback"
},
{
    "fields": {
        "html_sentence": "Young people have the highest risk to be working but poor in Scandinavia. By the way, in most countries working women are less likely to need assistance from their relatives or the government.", 
        "content_type": [
            "core", 
            "staticfeedback"
        ]
    }, 
    "pk": 34, 
    "model": "core.basefeedback"
},
{
    "fields": {
        "html_sentence": "In some countries, like Denmark, sperm donations are tax free.", 
        "content_type": [
            "core", 
            "staticfeedback"
        ]
    }, 
    "pk": 35, 
    "model": "core.basefeedback"
},
{
    "fields": {
        "html_sentence": "If you\u2019ve managed to leave your parents\u2019 house consider yourself lucky. For young Europeans between 18 and 34 chances are almost 50\u00a0%&nbsp;that they still live with their parents. Half of them say it\u2019s for financial reasons.", 
        "content_type": [
            "core", 
            "staticfeedback"
        ]
    }, 
    "pk": 36, 
    "model": "core.basefeedback"
},
{
    "fields": {
        "html_sentence": "In Berlin, <strong>one third of the student population</strong> could imagine financing their studies with prostitution.", 
        "content_type": [
            "core", 
            "staticfeedback"
        ]
    }, 
    "pk": 37, 
    "model": "core.basefeedback"
},
{
    "fields": {
        "html_sentence": "In Dresden, Germany, you can make <strong>100 \u20ac by queuing for a night</strong>. Couples, who want to fix a wedding date at the local register office, are willing to pay that price. The office opens it\u2019s schedule only twice a year and at 8 in the morning.", 
        "content_type": [
            "core", 
            "staticfeedback"
        ]
    }, 
    "pk": 38, 
    "model": "core.basefeedback"
},
{
    "fields": {
        "html_sentence": "Sharing is caring? Yes, but sharing is also just a means to squeeze more value out your budget. According to Airbnb, many users <strong>couldn\u2019t afford their home without renting it out</strong> on the platform.", 
        "content_type": [
            "core", 
            "staticfeedback"
        ]
    }, 
    "pk": 39, 
    "model": "core.basefeedback"
},
{
    "fields": {
        "html_sentence": "Reading all articles on Wikipedia would take <strong>7 years</strong>. And all this has been created by volunteers.", 
        "content_type": [
            "core", 
            "staticfeedback"
        ]
    }, 
    "pk": 40, 
    "model": "core.basefeedback"
},
{
    "fields": {
        "html_sentence": "87%&nbsp;of Italians believe that young people now are less likely than their parents to find <strong>a job they actually like</strong>. But they look on the bright side: 50%&nbsp;say that they will at least be able to spend more time with their \"famiglia\"!", 
        "content_type": [
            "core", 
            "staticfeedback"
        ]
    }, 
    "pk": 41, 
    "model": "core.basefeedback"
},
{
    "fields": {
        "html_sentence": "Neurosurgeons, soldiers, and art teachers are amongst those who consider their jobs as <strong>important for society</strong>. Securities traders, fashion designers, and gas station attendants think their jobs are not very meaningful.", 
        "content_type": [
            "core", 
            "staticfeedback"
        ]
    }, 
    "pk": 42, 
    "model": "core.basefeedback"
},
{
    "fields": {
        "html_sentence": "Workers between 16 to 34 tend to be <strong>more satisfied with their jobs</strong> than their older colleagues. But they're also the first to leave when something annoys them.", 
        "content_type": [
            "core", 
            "staticfeedback"
        ]
    }, 
    "pk": 43, 
    "model": "core.basefeedback"
},
{
    "fields": {
        "html_sentence": "Every sector has its drug taste! People working in construction consume cocaine and mushrooms, the gastronomic sector likes all sorts of substances. Amongst civil servants though there's not much interest in drugs.", 
        "content_type": [
            "core", 
            "staticfeedback"
        ]
    }, 
    "pk": 44, 
    "model": "core.basefeedback"
},
{
    "fields": {
        "html_sentence": "34%&nbsp;of European workers have found their jobs through unsolicited applications. Fewer used their personal network and even less actually applied for official job openings. In general, the less transparent a labour market is, the more useful your own address book becomes.", 
        "content_type": [
            "core", 
            "staticfeedback"
        ]
    }, 
    "pk": 45, 
    "model": "core.basefeedback"
},
{
    "fields": {
        "html_sentence": "Early bird or late riser? Scientists have found out that that's <strong>part of your DNA</strong>. The difference between your natural rhythm and your social obligations is called \"social jetlag\". People who get up one hour too early, consume more cigarettes, alcohol, and coffee and have a one third higher risk of being obese.", 
        "content_type": [
            "core", 
            "staticfeedback"
        ]
    }, 
    "pk": 46, 
    "model": "core.basefeedback"
},
{
    "fields": {
        "html_sentence": "Leaving it all behind? Not really! Since the economic crisis <strong>less people are willing to move to another European country for work</strong>.", 
        "content_type": [
            "core", 
            "staticfeedback"
        ]
    }, 
    "pk": 47, 
    "model": "core.basefeedback"
},
{
    "fields": {
        "html_sentence": "The French don\u2019t \u201cfriend\u201d their bosses. Only 8 %&nbsp;are connected with their boss on Facebook. In Italy 33%&nbsp;are friends with their superiours. In the end, it\u2019s a matter of individual judgement. No study has shown that befriending your boss on Facebook will boost your career.", 
        "content_type": [
            "core", 
            "staticfeedback"
        ]
    }, 
    "pk": 48, 
    "model": "core.basefeedback"
},
{
    "fields": {
        "html_sentence": "Jobless = unhappy? Not necessarily! In Germany there\u2019s a group of \u201chappily jobless\u201d who call themselves \u201cGl\u00fcckliche Arbeitslose\u201d, in France, they go under the name of \u201cBomeurs\u201d.", 
        "content_type": [
            "core", 
            "staticfeedback"
        ]
    }, 
    "pk": 49, 
    "model": "core.basefeedback"
},
{
    "fields": {
        "html_sentence": "59%&nbsp; did not receive any financial compensation during their last internship. 10%&nbsp;consider that they <strong>haven\u2019t learned anything</strong> professionally useful there.", 
        "content_type": [
            "core", 
            "staticfeedback"
        ]
    }, 
    "pk": 50, 
    "model": "core.basefeedback"
},
{
    "fields": {
        "html_sentence": "Two English students have made over \u00a330,000 by renting out their faces for ads. They <strong>charge \u00a3100</strong> per day.", 
        "content_type": [
            "core", 
            "staticfeedback"
        ]
    }, 
    "pk": 51, 
    "model": "core.basefeedback"
},
{
    "fields": {
        "html_sentence": "Living far from work makes people unhappy. Psychologists have shown that <strong>commutes are the unhappiest moments</strong> of the day. The only thing with a similar sadness level is household work.", 
        "content_type": [
            "core", 
            "staticfeedback"
        ]
    }, 
    "pk": 52, 
    "model": "core.basefeedback"
},
{
    "fields": {
        "html_sentence": "In 2010 <strong>75000 people</strong> went wwoofing, meaning they volunteered on an organic farm. And numbers are growing! But the concept is not entirely new. In so called Kibbutzim in Israel people have been working in exchange for food and shelter since the 1920s.", 
        "content_type": [
            "core", 
            "staticfeedback"
        ]
    }, 
    "pk": 53, 
    "model": "core.basefeedback"
},
{
    "fields": {
        "html_sentence": "Pilot, veterinary, astronaut, writer... At least <strong>7 out of 10 people</strong> do not work in their childhood dreamjobs.", 
        "content_type": [
            "core", 
            "staticfeedback"
        ]
    }, 
    "pk": 54, 
    "model": "core.basefeedback"
},
{
    "fields": {
        "source_title": "Eugen Weber, 1976", 
        "source_url": "http://www.sup.org/book.cgi?id=3200", 
        "picture": "", 
        "question": 3
    }, 
    "pk": 3, 
    "model": "core.staticfeedback"
},
{
    "fields": {
        "source_title": "ECB, p. 60", 
        "source_url": "http://www.ecb.europa.eu/pub/pdf/other/art1_mb201304en_pp57-71en.pdf", 
        "picture": "", 
        "question": 8
    }, 
    "pk": 4, 
    "model": "core.staticfeedback"
},
{
    "fields": {
        "source_title": "Greenberg, 2002", 
        "source_url": "http://econpapers.repec.org/article/eeejobhdp/v_3a89_3ay_3a2002_3ai_3a1_3ap_3a985-1003.htm", 
        "picture": "", 
        "question": 10
    }, 
    "pk": 6, 
    "model": "core.staticfeedback"
},
{
    "fields": {
        "source_title": "Hachmeister et al., 2007", 
        "source_url": "http://www.che.de/downloads/Einfluss_auf_Studienentscheidung_AP95.pdf", 
        "picture": "", 
        "question": 11
    }, 
    "pk": 7, 
    "model": "core.staticfeedback"
},
{
    "fields": {
        "source_title": "QZ", 
        "source_url": "http://qz.com/156522/how-many-months-it-takes-an-average-worker-to-earn-what-the-ceo-makes-in-an-hour/", 
        "picture": "", 
        "question": 12
    }, 
    "pk": 8, 
    "model": "core.staticfeedback"
},
{
    "fields": {
        "source_title": "Erasmus.ahoi.in", 
        "source_url": "http://erasmus.ahoi.in/", 
        "picture": "", 
        "question": 17
    }, 
    "pk": 10, 
    "model": "core.staticfeedback"
},
{
    "fields": {
        "source_title": " Forsa for Westlotto", 
        "source_url": "https://www.westlotto.com/media/pdfdateien/presse/2012/120829PM-Eurojackpot_forsa-Studie.pdf", 
        "picture": "", 
        "question": 18
    }, 
    "pk": 11, 
    "model": "core.staticfeedback"
},
{
    "fields": {
        "source_title": "Institut Arbeit und Qualifikation (p. 190)", 
        "source_url": "http://www.sociologia.unimib.it/DATA/Insegnamenti/13_3334/materiale/2.3.%20erlinghagen.pdf", 
        "picture": "", 
        "question": 19
    }, 
    "pk": 12, 
    "model": "core.staticfeedback"
},
{
    "fields": {
        "source_title": " Institut National d\u2019Etudes D\u00e9mographiques (p. 2)", 
        "source_url": "http://hal.archives-ouvertes.fr/docs/00/65/76/03/PDF/LuciThevenon_INEDWP174.pdf", 
        "picture": "", 
        "question": 20
    }, 
    "pk": 13, 
    "model": "core.staticfeedback"
},
{
    "fields": {
        "source_title": "Institut Florian Mantione", 
        "source_url": "http://www.florianmantione.com/images/presse/presse_00-00-0000-2.pdf", 
        "picture": "", 
        "question": 21
    }, 
    "pk": 14, 
    "model": "core.staticfeedback"
},
{
    "fields": {
        "source_title": "Bertelsmann Stiftung", 
        "source_url": "http://www.bertelsmann-stiftung.de/cps/rde/xbcr/SID-D408B42C-EA92A5D1/bst/xcms_bst_dms_37407_37408_2.pdf", 
        "picture": "", 
        "question": 22
    }, 
    "pk": 15, 
    "model": "core.staticfeedback"
},
{
    "fields": {
        "source_title": "Economist Intelligence Unit for Barclays", 
        "source_url": "https://wealth.barclays.com/content/dam/bwpublic/global/documents/wealth_management/insights8-family-business-uk.pdf", 
        "picture": "", 
        "question": 23
    }, 
    "pk": 16, 
    "model": "core.staticfeedback"
},
{
    "fields": {
        "source_title": "Eurobarometer (p. 90)", 
        "source_url": "http://ec.europa.eu/public_opinion/flash/fl_354_en.pdf", 
        "picture": "", 
        "question": 24
    }, 
    "pk": 17, 
    "model": "core.staticfeedback"
},
{
    "fields": {
        "source_title": "Oxford Martin School", 
        "source_url": "http://www.oxfordmartin.ox.ac.uk/downloads/academic/The_Future_of_Employment.pdf", 
        "picture": "", 
        "question": 25
    }, 
    "pk": 18, 
    "model": "core.staticfeedback"
},
{
    "fields": {
        "source_title": "Eurobarometer", 
        "source_url": "http://ec.europa.eu/public_opinion/flash/fl_378_sum_en.pdf", 
        "picture": "", 
        "question": null
    }, 
    "pk": 20, 
    "model": "core.staticfeedback"
},
{
    "fields": {
        "source_title": "NBER", 
        "source_url": "http://www.nber.org/papers/w19328?utm_campaign=ntw&utm_medium=email&utm_source=ntw", 
        "picture": "", 
        "question": 29
    }, 
    "pk": 21, 
    "model": "core.staticfeedback"
},
{
    "fields": {
        "source_title": "Khoreva, 2012", 
        "source_url": "https://helda.helsinki.fi/handle/10138/36748", 
        "picture": "", 
        "question": 30
    }, 
    "pk": 22, 
    "model": "core.staticfeedback"
},
{
    "fields": {
        "source_title": "Aruba Network", 
        "source_url": "http://www.arubanetworks.com/pdf/solutions/EB_mdmreport.pdf", 
        "picture": "", 
        "question": 31
    }, 
    "pk": 23, 
    "model": "core.staticfeedback"
},
{
    "fields": {
        "source_title": "Eurostat", 
        "source_url": "http://epp.eurostat.ec.europa.eu/statistics_explained/index.php/Minimum_wage_statistics", 
        "picture": "", 
        "question": 32
    }, 
    "pk": 24, 
    "model": "core.staticfeedback"
},
{
    "fields": {
        "source_title": "Eurobarometer (p. 103)", 
        "source_url": "http://ec.europa.eu/public_opinion/archives/ebs/ebs_378_en.pdf", 
        "picture": "", 
        "question": 33
    }, 
    "pk": 25, 
    "model": "core.staticfeedback"
},
{
    "fields": {
        "source_title": "OECD", 
        "source_url": "http://www.oecd.org/edu/innovation-education/19975192.pdf", 
        "picture": "", 
        "question": 34
    }, 
    "pk": 26, 
    "model": "core.staticfeedback"
},
{
    "fields": {
        "source_title": "Institut der deutschen Wirtschaft (p. 4)", 
        "source_url": "http://www.iwkoeln.de/_storage/asset/142037/storage/master/file/3989937/download/IW-PK+Zuwanderung+20+1+2014+Policy+Paper.pdf", 
        "picture": "", 
        "question": 35
    }, 
    "pk": 27, 
    "model": "core.staticfeedback"
},
{
    "fields": {
        "source_title": "ANED (p. 15)", 
        "source_url": "http://www.disability-europe.net/content/aned/media/ANED%20Task%206%20final%20report%20-%20final%20version%2017-04-09.pdf", 
        "picture": "", 
        "question": 36
    }, 
    "pk": 28, 
    "model": "core.staticfeedback"
},
{
    "fields": {
        "source_title": "Eurobarometer", 
        "source_url": "http://ec.europa.eu/public_opinion/flash/fl_202_en.pdf", 
        "picture": "", 
        "question": 37
    }, 
    "pk": 29, 
    "model": "core.staticfeedback"
},
{
    "fields": {
        "source_title": "J-Pal", 
        "source_url": "http://www.povertyactionlab.org/evaluation/discrimination-job-market-united-states", 
        "picture": "", 
        "question": 38
    }, 
    "pk": 30, 
    "model": "core.staticfeedback"
},
{
    "fields": {
        "source_title": "World Values Survey", 
        "source_url": "http://www.wvsevsdb.com/", 
        "picture": "", 
        "question": 39
    }, 
    "pk": 31, 
    "model": "core.staticfeedback"
},
{
    "fields": {
        "source_title": "data.gouv.fr", 
        "source_url": "http://www.data.gouv.fr/en/dataset/evolution-des-taux-d-inscription-dans-l-enseignement-superieur-00000000", 
        "picture": "", 
        "question": 41
    }, 
    "pk": 33, 
    "model": "core.staticfeedback"
},
{
    "fields": {
        "source_title": "Eurofound (p. 7)", 
        "source_url": "http://www.eurofound.europa.eu/pubdocs/2010/25/en/1/EF1025EN.pdf", 
        "picture": "", 
        "question": 42
    }, 
    "pk": 34, 
    "model": "core.staticfeedback"
},
{
    "fields": {
        "source_title": "Spiegel Online", 
        "source_url": "http://www.spiegel.de/international/europe/students-of-aarhus-breathe-relief-danish-sperm-bank-deposits-to-remain-tax-free-and-anonymous-a-532388.html", 
        "picture": "", 
        "question": 43
    }, 
    "pk": 35, 
    "model": "core.staticfeedback"
},
{
    "fields": {
        "source_title": "Eurostat", 
        "source_url": "http://appsso.eurostat.ec.europa.eu/nui/show.do?dataset=ilc_lvps08&lang=en", 
        "picture": "", 
        "question": 44
    }, 
    "pk": 36, 
    "model": "core.staticfeedback"
},
{
    "fields": {
        "source_title": "Studienkolleg zu Berlin", 
        "source_url": "http://www.studienkolleg-zu-berlin.de/files/ProjektEuropa_nebenjob_prostitution.pdf", 
        "picture": "", 
        "question": 45
    }, 
    "pk": 37, 
    "model": "core.staticfeedback"
},
{
    "fields": {
        "source_title": "K\u00f6lner Stadt-Anzeiger", 
        "source_url": "http://www.ksta.de/job-und-karriere/nebenjob-professionell-schlange-stehen,20063080,24748350.html", 
        "picture": "", 
        "question": 46
    }, 
    "pk": 38, 
    "model": "core.staticfeedback"
},
{
    "fields": {
        "source_title": "AirBnb", 
        "source_url": "http://publicpolicy.airbnb.com/berlin-airbnb-community/%20", 
        "picture": "", 
        "question": 47
    }, 
    "pk": 39, 
    "model": "core.staticfeedback"
},
{
    "fields": {
        "source_title": "Wikipedia:Statistics", 
        "source_url": "http://en.wikipedia.org/wiki/Wikipedia:Statistics", 
        "picture": "", 
        "question": 48
    }, 
    "pk": 40, 
    "model": "core.staticfeedback"
},
{
    "fields": {
        "source_title": "Gallup", 
        "source_url": "http://www.scribd.com/doc/141856647/Gallup-Debating-Europe-Poll-Europeans-expect-a-Bleak-Future-for-their-Young", 
        "picture": "", 
        "question": 49
    }, 
    "pk": 41, 
    "model": "core.staticfeedback"
},
{
    "fields": {
        "source_title": "Payscale", 
        "source_url": "http://www.payscale.com/data-packages/most-and-least-meaningful-jobs/salary-versus-job-meaning", 
        "picture": "", 
        "question": 50
    }, 
    "pk": 42, 
    "model": "core.staticfeedback"
},
{
    "fields": {
        "source_title": "Mercer LLC survey ", 
        "source_url": "http://inside-employees-mind.mercer.com/pages/1425715", 
        "picture": "", 
        "question": 51
    }, 
    "pk": 43, 
    "model": "core.staticfeedback"
},
{
    "fields": {
        "source_title": "INPES", 
        "source_url": "http://www.inpes.sante.fr/SLH/pdf/sante-action-425.pdf", 
        "picture": "", 
        "question": 52
    }, 
    "pk": 44, 
    "model": "core.staticfeedback"
},
{
    "fields": {
        "source_title": "Pellizzari, 2003", 
        "source_url": "http://cep.lse.ac.uk/seminarpapers/18-11-03-PEL.pdf", 
        "picture": "", 
        "question": 53
    }, 
    "pk": 45, 
    "model": "core.staticfeedback"
},
{
    "fields": {
        "source_title": "NBCI", 
        "source_url": "http://www.ncbi.nlm.nih.gov/pubmed/16687322", 
        "picture": "", 
        "question": 55
    }, 
    "pk": 46, 
    "model": "core.staticfeedback"
},
{
    "fields": {
        "source_title": "European Commission", 
        "source_url": "http://ec.europa.eu/public_opinion/archives/ebs/ebs_337_en.pdf", 
        "picture": "", 
        "question": 56
    }, 
    "pk": 47, 
    "model": "core.staticfeedback"
},
{
    "fields": {
        "source_title": "AVG Digital Diaries", 
        "source_url": "http://www.scribd.com/doc/110767107/How-to-be-Facebook-friends-with-the-boss-and-keep-your-job", 
        "picture": "", 
        "question": 57
    }, 
    "pk": 48, 
    "model": "core.staticfeedback"
},
{
    "fields": {
        "source_title": "Eurostat, Vice, Les inrocks, Gl\u00fcckliche Arbeitslose", 
        "source_url": "http://ec.europa.eu/europe2020/pdf/themes/21_youth_unemployment.pdf", 
        "picture": "", 
        "question": 58
    }, 
    "pk": 49, 
    "model": "core.staticfeedback"
},
{
    "fields": {
        "source_title": "Eurobarometer, p. 14", 
        "source_url": "http://ec.europa.eu/public_opinion/flash/fl_378_sum_en.pdf", 
        "picture": "", 
        "question": 28
    }, 
    "pk": 50, 
    "model": "core.staticfeedback"
},
{
    "fields": {
        "source_title": "AFP", 
        "source_url": "http://www.google.com/hostednews/afp/article/ALeqM5gs13yWlEsYeAkwMxS2aSUPaPwh9w?docId=CNG.e41141fcef353bf7f9d23ca1bca75382.2f1", 
        "picture": "", 
        "question": 15
    }, 
    "pk": 51, 
    "model": "core.staticfeedback"
},
{
    "fields": {
        "source_title": "Kahneman & Krueger, 2004", 
        "source_url": "http://dataspace.princeton.edu/jspui/bitstream/88435/dsp016108vb296/7/PDF%20of%20Kahneman%20Krueger%20paper.pdf", 
        "picture": "", 
        "question": 54
    }, 
    "pk": 52, 
    "model": "core.staticfeedback"
},
{
    "fields": {
        "source_title": "Kot\u016flek, 2010", 
        "source_url": "http://www.issss2011.upol.cz/downloads/The_3rd_ISSSS_Conference_Electronic_Proceedings_Book.pdf#page=131", 
        "picture": "", 
        "question": 14
    }, 
    "pk": 53, 
    "model": "core.staticfeedback"
},
{
    "fields": {
        "source_title": "Linkedin", 
        "source_url": "http://linkedin.presscentre.com/Content/Detail.aspx?ReleaseID=150&NewsAreaID=2&ClientID=1#downloads", 
        "picture": "", 
        "question": 16
    }, 
    "pk": 54, 
    "model": "core.staticfeedback"
},
{
    "fields": {
        "label": "Is begging work?", 
        "content_type": [
            "core", 
            "booleanquestion"
        ], 
        "hint_text": ""
    }, 
    "pk": 3, 
    "model": "core.basequestion"
},
{
    "fields": {
        "label": "How old are you?", 
        "content_type": [
            "core", 
            "useragequestion"
        ], 
        "hint_text": ""
    }, 
    "pk": 4, 
    "model": "core.basequestion"
},
{
    "fields": {
        "label": "If at all - what gender do you identify yourself with most?", 
        "content_type": [
            "core", 
            "usergenderquestion"
        ], 
        "hint_text": "What toilet door would you choose?"
    }, 
    "pk": 5, 
    "model": "core.basequestion"
},
{
    "fields": {
        "label": "Where do you live?", 
        "content_type": [
            "core", 
            "usercountryquestion"
        ], 
        "hint_text": "Where you spend most of your time."
    }, 
    "pk": 6, 
    "model": "core.basequestion"
},
{
    "fields": {
        "label": "Where were you born?", 
        "content_type": [
            "core", 
            "usercountryquestion"
        ], 
        "hint_text": ""
    }, 
    "pk": 7, 
    "model": "core.basequestion"
},
{
    "fields": {
        "label": "Your bank account is empty. You have some rather big bills to pay. Who do you ask for money? ", 
        "content_type": [
            "core", 
            "mediaselectionquestion"
        ], 
        "hint_text": ""
    }, 
    "pk": 8, 
    "model": "core.basequestion"
},
{
    "fields": {
        "label": "It\u2019s late and you\u2019re alone in the office. You can steal whatever you want. Nobody will find out. What do you take?", 
        "content_type": [
            "core", 
            "mediaradioquestion"
        ], 
        "hint_text": "We won't tell your boss."
    }, 
    "pk": 10, 
    "model": "core.basequestion"
},
{
    "fields": {
        "label": "What counted most when you picked your field of education?", 
        "content_type": [
            "core", 
            "mediaradioquestion"
        ], 
        "hint_text": ""
    }, 
    "pk": 11, 
    "model": "core.basequestion"
},
{
    "fields": {
        "label": "Should CEO salaries should be capped?", 
        "content_type": [
            "core", 
            "booleanquestion"
        ], 
        "hint_text": "Think you might be CEO some day as well?"
    }, 
    "pk": 12, 
    "model": "core.basequestion"
},
{
    "fields": {
        "label": "Working for free on an organic farm for one year. No pay, but food and shelter provided. Would you be up for that?", 
        "content_type": [
            "core", 
            "booleanquestion"
        ], 
        "hint_text": "Maybe just while you're still young?"
    }, 
    "pk": 14, 
    "model": "core.basequestion"
},
{
    "fields": {
        "label": "Walk around as a human billboard for a day to make some money. Ok, but I would need to get paid at least\u2026", 
        "content_type": [
            "core", 
            "typednumberquestion"
        ], 
        "hint_text": "You could also be a sandwich man or a mascot."
    }, 
    "pk": 15, 
    "model": "core.basequestion"
},
{
    "fields": {
        "label": "Like all children, you surely had a dream job, when you were younger. Are you working in your childhood dreamjob now?", 
        "content_type": [
            "core", 
            "mediaradioquestion"
        ], 
        "hint_text": ""
    }, 
    "pk": 16, 
    "model": "core.basequestion"
},
{
    "fields": {
        "label": "For you, a student who wants to study in the sun is...", 
        "content_type": [
            "core", 
            "mediaradioquestion"
        ], 
        "hint_text": " "
    }, 
    "pk": 17, 
    "model": "core.basequestion"
},
{
    "fields": {
        "label": "You hit the jackpot and win 10 million in the lottery. Do you continue your current work?", 
        "content_type": [
            "core", 
            "mediaradioquestion"
        ], 
        "hint_text": " "
    }, 
    "pk": 18, 
    "model": "core.basequestion"
},
{
    "fields": {
        "label": "Any clue where your money in 12 months will be coming from?", 
        "content_type": [
            "core", 
            "booleanquestion"
        ], 
        "hint_text": " "
    }, 
    "pk": 19, 
    "model": "core.basequestion"
},
{
    "fields": {
        "label": "When do you see yourself having a(nother) child?", 
        "content_type": [
            "core", 
            "mediaradioquestion"
        ], 
        "hint_text": " "
    }, 
    "pk": 20, 
    "model": "core.basequestion"
},
{
    "fields": {
        "label": "You\u2019re running out of money. What would you be willing to do to get a job?", 
        "content_type": [
            "core", 
            "mediaselectionquestion"
        ], 
        "hint_text": " "
    }, 
    "pk": 21, 
    "model": "core.basequestion"
},
{
    "fields": {
        "label": "Do you believe in the retirement system?", 
        "content_type": [
            "core", 
            "mediaradioquestion"
        ], 
        "hint_text": " "
    }, 
    "pk": 22, 
    "model": "core.basequestion"
},
{
    "fields": {
        "label": "Imagine your mother owns a family business producing plastic straws. Very honestly, would you consider carrying it on?", 
        "content_type": [
            "core", 
            "mediaradioquestion"
        ], 
        "hint_text": " "
    }, 
    "pk": 23, 
    "model": "core.basequestion"
},
{
    "fields": {
        "label": "Someone gives you 100,000\u20ac, no questions asked. What would you do with that kind of money?", 
        "content_type": [
            "core", 
            "mediaradioquestion"
        ], 
        "hint_text": " "
    }, 
    "pk": 24, 
    "model": "core.basequestion"
},
{
    "fields": {
        "label": "If you think of the job you\u2019re currently doing. Could you get replaced by a robot in the future?", 
        "content_type": [
            "core", 
            "booleanquestion"
        ], 
        "hint_text": " "
    }, 
    "pk": 25, 
    "model": "core.basequestion"
},
{
    "fields": {
        "label": "Is it OK when internships are unpaid?", 
        "content_type": [
            "core", 
            "mediaradioquestion"
        ], 
        "hint_text": " "
    }, 
    "pk": 28, 
    "model": "core.basequestion"
},
{
    "fields": {
        "label": "Since the economic crisis you\u2019ve been working harder... Really?", 
        "content_type": [
            "core", 
            "mediaradioquestion"
        ], 
        "hint_text": " "
    }, 
    "pk": 29, 
    "model": "core.basequestion"
},
{
    "fields": {
        "label": "Women and men should get equal pay for equal work. But, does that actually work in real life?", 
        "content_type": [
            "core", 
            "mediaradioquestion"
        ], 
        "hint_text": " "
    }, 
    "pk": 30, 
    "model": "core.basequestion"
},
{
    "fields": {
        "label": "What should your boss be allowed to know about you?", 
        "content_type": [
            "core", 
            "mediaselectionquestion"
        ], 
        "hint_text": " "
    }, 
    "pk": 31, 
    "model": "core.basequestion"
},
{
    "fields": {
        "label": "What\u2019s the minimum amount per month that people should get for their work?", 
        "content_type": [
            "core", 
            "typednumberquestion"
        ], 
        "hint_text": ""
    }, 
    "pk": 32, 
    "model": "core.basequestion"
},
{
    "fields": {
        "label": "Taking care of your grandparents - full time. Would you be ready to do that if the state guaranteed you a basic income?", 
        "content_type": [
            "core", 
            "booleanquestion"
        ], 
        "hint_text": " "
    }, 
    "pk": 33, 
    "model": "core.basequestion"
},
{
    "fields": {
        "label": "As almost everybody you\u2019ve probably received some professional career advice. But, did it help you?", 
        "content_type": [
            "core", 
            "mediaradioquestion"
        ], 
        "hint_text": " "
    }, 
    "pk": 34, 
    "model": "core.basequestion"
},
{
    "fields": {
        "label": "An immigrant just snatched a job you applied for because she\u2019s more qualified. Do you have a problem with that?", 
        "content_type": [
            "core", 
            "mediaradioquestion"
        ], 
        "hint_text": " "
    }, 
    "pk": 35, 
    "model": "core.basequestion"
},
{
    "fields": {
        "label": "Would you pay 2 \u20ac more for a drying rack manufactured by disabled people?", 
        "content_type": [
            "core", 
            "booleanquestion"
        ], 
        "hint_text": " "
    }, 
    "pk": 36, 
    "model": "core.basequestion"
},
{
    "fields": {
        "label": "If you were mobbed at work who would you ask for help?", 
        "content_type": [
            "core", 
            "mediaselectionquestion"
        ], 
        "hint_text": " "
    }, 
    "pk": 37, 
    "model": "core.basequestion"
},
{
    "fields": {
        "label": "You\u2019re applying for a job. Do you try to hide your gender, your religion or your skin color?", 
        "content_type": [
            "core", 
            "booleanquestion"
        ], 
        "hint_text": " "
    }, 
    "pk": 38, 
    "model": "core.basequestion"
},
{
    "fields": {
        "label": "Imagine everybody was guaranteed 800 \u20ac per month without doing anything. Would you regret to be working so much?", 
        "content_type": [
            "core", 
            "booleanquestion"
        ], 
        "hint_text": " "
    }, 
    "pk": 39, 
    "model": "core.basequestion"
},
{
    "fields": {
        "label": "Put your life on hold for two years to prepare the entry exam of your dream school. Ready to do that?", 
        "content_type": [
            "core", 
            "mediaradioquestion"
        ], 
        "hint_text": " "
    }, 
    "pk": 41, 
    "model": "core.basequestion"
},
{
    "fields": {
        "label": "Apart from work, where does the money on your bank account come from?", 
        "content_type": [
            "core", 
            "mediaselectionquestion"
        ], 
        "hint_text": " "
    }, 
    "pk": 42, 
    "model": "core.basequestion"
},
{
    "fields": {
        "label": "Donate sperm or an egg to make some money? Ok, but I would need to get paid at least\u2026", 
        "content_type": [
            "core", 
            "typednumberquestion"
        ], 
        "hint_text": ""
    }, 
    "pk": 43, 
    "model": "core.basequestion"
},
{
    "fields": {
        "label": "Have you ever had to leave an apartment because you were unable to pay the rent?", 
        "content_type": [
            "core", 
            "booleanquestion"
        ], 
        "hint_text": " "
    }, 
    "pk": 44, 
    "model": "core.basequestion"
},
{
    "fields": {
        "label": "Sleep with a stranger to make some money? Ok, but I would need to get paid at least\u2026", 
        "content_type": [
            "core", 
            "typednumberquestion"
        ], 
        "hint_text": ""
    }, 
    "pk": 45, 
    "model": "core.basequestion"
},
{
    "fields": {
        "label": "Stand in line for a full night for someone else? Ok, but I would need to get paid at least\u2026", 
        "content_type": [
            "core", 
            "typednumberquestion"
        ], 
        "hint_text": ""
    }, 
    "pk": 46, 
    "model": "core.basequestion"
},
{
    "fields": {
        "label": "Have you already used one of these sites to make ends meet?", 
        "content_type": [
            "core", 
            "mediaselectionquestion"
        ], 
        "hint_text": "Similar sites are ok, too!"
    }, 
    "pk": 47, 
    "model": "core.basequestion"
},
{
    "fields": {
        "label": "Writing and editing Wikipedia entries, would you call that work?", 
        "content_type": [
            "core", 
            "mediaradioquestion"
        ], 
        "hint_text": " "
    }, 
    "pk": 48, 
    "model": "core.basequestion"
},
{
    "fields": {
        "label": "Wave of a magic wand and you can pick whatever working contract you like. What would you pick?", 
        "content_type": [
            "core", 
            "mediaradioquestion"
        ], 
        "hint_text": " "
    }, 
    "pk": 49, 
    "model": "core.basequestion"
},
{
    "fields": {
        "label": "Would the world be worse off if you stopped working from one day to the other?", 
        "content_type": [
            "core", 
            "booleanquestion"
        ], 
        "hint_text": " "
    }, 
    "pk": 50, 
    "model": "core.basequestion"
},
{
    "fields": {
        "label": "For what reasons would you give up your job?", 
        "content_type": [
            "core", 
            "mediaselectionquestion"
        ], 
        "hint_text": " "
    }, 
    "pk": 51, 
    "model": "core.basequestion"
},
{
    "fields": {
        "label": "Which drugs are acceptable at work?", 
        "content_type": [
            "core", 
            "mediaselectionquestion"
        ], 
        "hint_text": ""
    }, 
    "pk": 52, 
    "model": "core.basequestion"
},
{
    "fields": {
        "label": "Have you ever replied to a normal job ad?", 
        "content_type": [
            "core", 
            "mediaradioquestion"
        ], 
        "hint_text": " "
    }, 
    "pk": 53, 
    "model": "core.basequestion"
},
{
    "fields": {
        "label": "I spend so much time on my way to work that I could...", 
        "content_type": [
            "core", 
            "mediaradioquestion"
        ], 
        "hint_text": " "
    }, 
    "pk": 54, 
    "model": "core.basequestion"
},
{
    "fields": {
        "label": "At what time do you start working in the morning?", 
        "content_type": [
            "core", 
            "mediaradioquestion"
        ], 
        "hint_text": " "
    }, 
    "pk": 55, 
    "model": "core.basequestion"
},
{
    "fields": {
        "label": "Everybody seems to be going abroad to find a job. So, what are you waiting for?", 
        "content_type": [
            "core", 
            "mediaselectionquestion"
        ], 
        "hint_text": ""
    }, 
    "pk": 56, 
    "model": "core.basequestion"
},
{
    "fields": {
        "label": "Look at that, your boss is asking to be your friend on Facebook\u2026", 
        "content_type": [
            "core", 
            "mediaradioquestion"
        ], 
        "hint_text": ""
    }, 
    "pk": 57, 
    "model": "core.basequestion"
},
{
    "fields": {
        "label": "Just hanging around... What's the longest period you have been without work?", 
        "content_type": [
            "core", 
            "mediaradioquestion"
        ], 
        "hint_text": ""
    }, 
    "pk": 58, 
    "model": "core.basequestion"
},
{
    "fields": {
        "min_number": 0, 
        "unit": "\u20ac", 
        "validate_button_label": "Done", 
        "max_number": 1000
    }, 
    "pk": 15, 
    "model": "core.typednumberquestion"
},
{
    "fields": {
        "min_number": 0, 
        "unit": "\u20ac", 
        "validate_button_label": "Done", 
        "max_number": 1000
    }, 
    "pk": 32, 
    "model": "core.typednumberquestion"
},
{
    "fields": {
        "min_number": 0, 
        "unit": "\u20ac", 
        "validate_button_label": "Done", 
        "max_number": 1000
    }, 
    "pk": 43, 
    "model": "core.typednumberquestion"
},
{
    "fields": {
        "min_number": 0, 
        "unit": "\u20ac", 
        "validate_button_label": "Done", 
        "max_number": 1000
    }, 
    "pk": 45, 
    "model": "core.typednumberquestion"
},
{
    "fields": {
        "min_number": 0, 
        "unit": "\u20ac", 
        "validate_button_label": "Done", 
        "max_number": 1000
    }, 
    "pk": 46, 
    "model": "core.typednumberquestion"
},
{
    "fields": {}, 
    "pk": 3, 
    "model": "core.booleanquestion"
},
{
    "fields": {}, 
    "pk": 12, 
    "model": "core.booleanquestion"
},
{
    "fields": {}, 
    "pk": 14, 
    "model": "core.booleanquestion"
},
{
    "fields": {}, 
    "pk": 19, 
    "model": "core.booleanquestion"
},
{
    "fields": {}, 
    "pk": 25, 
    "model": "core.booleanquestion"
},
{
    "fields": {}, 
    "pk": 33, 
    "model": "core.booleanquestion"
},
{
    "fields": {}, 
    "pk": 36, 
    "model": "core.booleanquestion"
},
{
    "fields": {}, 
    "pk": 38, 
    "model": "core.booleanquestion"
},
{
    "fields": {}, 
    "pk": 39, 
    "model": "core.booleanquestion"
},
{
    "fields": {}, 
    "pk": 44, 
    "model": "core.booleanquestion"
},
{
    "fields": {}, 
    "pk": 50, 
    "model": "core.booleanquestion"
},
{
    "fields": {
        "media_type": "image"
    }, 
    "pk": 10, 
    "model": "core.mediaradioquestion"
},
{
    "fields": {
        "media_type": null
    }, 
    "pk": 11, 
    "model": "core.mediaradioquestion"
},
{
    "fields": {
        "media_type": null
    }, 
    "pk": 16, 
    "model": "core.mediaradioquestion"
},
{
    "fields": {
        "media_type": null
    }, 
    "pk": 17, 
    "model": "core.mediaradioquestion"
},
{
    "fields": {
        "media_type": null
    }, 
    "pk": 18, 
    "model": "core.mediaradioquestion"
},
{
    "fields": {
        "media_type": null
    }, 
    "pk": 20, 
    "model": "core.mediaradioquestion"
},
{
    "fields": {
        "media_type": null
    }, 
    "pk": 22, 
    "model": "core.mediaradioquestion"
},
{
    "fields": {
        "media_type": null
    }, 
    "pk": 23, 
    "model": "core.mediaradioquestion"
},
{
    "fields": {
        "media_type": null
    }, 
    "pk": 24, 
    "model": "core.mediaradioquestion"
},
{
    "fields": {
        "media_type": null
    }, 
    "pk": 28, 
    "model": "core.mediaradioquestion"
},
{
    "fields": {
        "media_type": null
    }, 
    "pk": 29, 
    "model": "core.mediaradioquestion"
},
{
    "fields": {
        "media_type": null
    }, 
    "pk": 30, 
    "model": "core.mediaradioquestion"
},
{
    "fields": {
        "media_type": null
    }, 
    "pk": 34, 
    "model": "core.mediaradioquestion"
},
{
    "fields": {
        "media_type": null
    }, 
    "pk": 35, 
    "model": "core.mediaradioquestion"
},
{
    "fields": {
        "media_type": null
    }, 
    "pk": 41, 
    "model": "core.mediaradioquestion"
},
{
    "fields": {
        "media_type": null
    }, 
    "pk": 48, 
    "model": "core.mediaradioquestion"
},
{
    "fields": {
        "media_type": null
    }, 
    "pk": 49, 
    "model": "core.mediaradioquestion"
},
{
    "fields": {
        "media_type": null
    }, 
    "pk": 53, 
    "model": "core.mediaradioquestion"
},
{
    "fields": {
        "media_type": null
    }, 
    "pk": 54, 
    "model": "core.mediaradioquestion"
},
{
    "fields": {
        "media_type": null
    }, 
    "pk": 55, 
    "model": "core.mediaradioquestion"
},
{
    "fields": {
        "media_type": null
    }, 
    "pk": 57, 
    "model": "core.mediaradioquestion"
},
{
    "fields": {
        "media_type": null
    }, 
    "pk": 58, 
    "model": "core.mediaradioquestion"
},
{
    "fields": {
        "media_type": null, 
        "validate_button_label": "Done"
    }, 
    "pk": 8, 
    "model": "core.mediaselectionquestion"
},
{
    "fields": {
        "media_type": null, 
        "validate_button_label": "Done"
    }, 
    "pk": 21, 
    "model": "core.mediaselectionquestion"
},
{
    "fields": {
        "media_type": null, 
        "validate_button_label": "Done"
    }, 
    "pk": 31, 
    "model": "core.mediaselectionquestion"
},
{
    "fields": {
        "media_type": null, 
        "validate_button_label": "Done"
    }, 
    "pk": 37, 
    "model": "core.mediaselectionquestion"
},
{
    "fields": {
        "media_type": null, 
        "validate_button_label": "Done"
    }, 
    "pk": 42, 
    "model": "core.mediaselectionquestion"
},
{
    "fields": {
        "media_type": null, 
        "validate_button_label": "Done"
    }, 
    "pk": 47, 
    "model": "core.mediaselectionquestion"
},
{
    "fields": {
        "media_type": null, 
        "validate_button_label": "Done"
    }, 
    "pk": 51, 
    "model": "core.mediaselectionquestion"
},
{
    "fields": {
        "media_type": null, 
        "validate_button_label": "Done"
    }, 
    "pk": 52, 
    "model": "core.mediaselectionquestion"
},
{
    "fields": {
        "media_type": null, 
        "validate_button_label": "Done"
    }, 
    "pk": 56, 
    "model": "core.mediaselectionquestion"
},
{
    "fields": {}, 
    "pk": 4, 
    "model": "core.userprofilequestion"
},
{
    "fields": {}, 
    "pk": 5, 
    "model": "core.userprofilequestion"
},
{
    "fields": {}, 
    "pk": 6, 
    "model": "core.userprofilequestion"
},
{
    "fields": {}, 
    "pk": 7, 
    "model": "core.userprofilequestion"
},
{
    "fields": {
        "validate_button_label": "Done"
    }, 
    "pk": 4, 
    "model": "core.useragequestion"
},
{
    "fields": {
        "profile_attribute": "living_country"
    }, 
    "pk": 6, 
    "model": "core.usercountryquestion"
},
{
    "fields": {
        "profile_attribute": "native_country"
    }, 
    "pk": 7, 
    "model": "core.usercountryquestion"
},
{
    "fields": {}, 
    "pk": 5, 
    "model": "core.usergenderquestion"
},
{
    "fields": {
        "question": 3, 
        "title": "Yes", 
        "content_type": [
            "core", 
            "textchoicefield"
        ], 
        "position": 1
    }, 
    "pk": 8, 
    "model": "core.basechoicefield"
},
{
    "fields": {
        "question": 3, 
        "title": "No", 
        "content_type": [
            "core", 
            "textchoicefield"
        ], 
        "position": 1
    }, 
    "pk": 9, 
    "model": "core.basechoicefield"
},
{
    "fields": {
        "question": 5, 
        "title": "Female", 
        "content_type": [
            "core", 
            "userchoicefield"
        ], 
        "position": 1
    }, 
    "pk": 14, 
    "model": "core.basechoicefield"
},
{
    "fields": {
        "question": 5, 
        "title": "Male", 
        "content_type": [
            "core", 
            "userchoicefield"
        ], 
        "position": 1
    }, 
    "pk": 15, 
    "model": "core.basechoicefield"
},
{
    "fields": {
        "question": 8, 
        "title": "Your parents", 
        "content_type": [
            "core", 
            "mediachoicefield"
        ], 
        "position": 1
    }, 
    "pk": 16, 
    "model": "core.basechoicefield"
},
{
    "fields": {
        "question": 8, 
        "title": "Other family members", 
        "content_type": [
            "core", 
            "mediachoicefield"
        ], 
        "position": 1
    }, 
    "pk": 17, 
    "model": "core.basechoicefield"
},
{
    "fields": {
        "question": 8, 
        "title": "Your partner", 
        "content_type": [
            "core", 
            "mediachoicefield"
        ], 
        "position": 1
    }, 
    "pk": 18, 
    "model": "core.basechoicefield"
},
{
    "fields": {
        "question": 8, 
        "title": "Your friends", 
        "content_type": [
            "core", 
            "mediachoicefield"
        ], 
        "position": 1
    }, 
    "pk": 19, 
    "model": "core.basechoicefield"
},
{
    "fields": {
        "question": 8, 
        "title": "The bank", 
        "content_type": [
            "core", 
            "mediachoicefield"
        ], 
        "position": 1
    }, 
    "pk": 20, 
    "model": "core.basechoicefield"
},
{
    "fields": {
        "question": 10, 
        "title": "A DVD         (around 30 \u20ac)       ", 
        "content_type": [
            "core", 
            "mediachoicefield"
        ], 
        "position": 1
    }, 
    "pk": 21, 
    "model": "core.basechoicefield"
},
{
    "fields": {
        "question": 10, 
        "title": "An iPad                               (around 490 \u20ac)       ", 
        "content_type": [
            "core", 
            "mediachoicefield"
        ], 
        "position": 1
    }, 
    "pk": 22, 
    "model": "core.basechoicefield"
},
{
    "fields": {
        "question": 10, 
        "title": "Your boss' fixie bike (900 \u20ac)", 
        "content_type": [
            "core", 
            "mediachoicefield"
        ], 
        "position": 1
    }, 
    "pk": 23, 
    "model": "core.basechoicefield"
},
{
    "fields": {
        "question": 11, 
        "title": "My parents\u2019 opinion", 
        "content_type": [
            "core", 
            "mediachoicefield"
        ], 
        "position": 1
    }, 
    "pk": 24, 
    "model": "core.basechoicefield"
},
{
    "fields": {
        "question": 11, 
        "title": "The job market", 
        "content_type": [
            "core", 
            "mediachoicefield"
        ], 
        "position": 1
    }, 
    "pk": 25, 
    "model": "core.basechoicefield"
},
{
    "fields": {
        "question": 11, 
        "title": "My professors\u2019 advice", 
        "content_type": [
            "core", 
            "mediachoicefield"
        ], 
        "position": 1
    }, 
    "pk": 26, 
    "model": "core.basechoicefield"
},
{
    "fields": {
        "question": 11, 
        "title": "My personal ambition", 
        "content_type": [
            "core", 
            "mediachoicefield"
        ], 
        "position": 1
    }, 
    "pk": 27, 
    "model": "core.basechoicefield"
},
{
    "fields": {
        "question": 11, 
        "title": "The cost of studies", 
        "content_type": [
            "core", 
            "mediachoicefield"
        ], 
        "position": 1
    }, 
    "pk": 28, 
    "model": "core.basechoicefield"
},
{
    "fields": {
        "question": 12, 
        "title": "Yes", 
        "content_type": [
            "core", 
            "textchoicefield"
        ], 
        "position": 1
    }, 
    "pk": 31, 
    "model": "core.basechoicefield"
},
{
    "fields": {
        "question": 12, 
        "title": "No", 
        "content_type": [
            "core", 
            "textchoicefield"
        ], 
        "position": 1
    }, 
    "pk": 32, 
    "model": "core.basechoicefield"
},
{
    "fields": {
        "question": 14, 
        "title": "Yes", 
        "content_type": [
            "core", 
            "textchoicefield"
        ], 
        "position": 1
    }, 
    "pk": 38, 
    "model": "core.basechoicefield"
},
{
    "fields": {
        "question": 14, 
        "title": "No", 
        "content_type": [
            "core", 
            "textchoicefield"
        ], 
        "position": 1
    }, 
    "pk": 39, 
    "model": "core.basechoicefield"
},
{
    "fields": {
        "question": 16, 
        "title": "Yes, I\u2019m more or less living the dream.", 
        "content_type": [
            "core", 
            "mediachoicefield"
        ], 
        "position": 1
    }, 
    "pk": 40, 
    "model": "core.basechoicefield"
},
{
    "fields": {
        "question": 16, 
        "title": "No, I had to face reality.", 
        "content_type": [
            "core", 
            "mediachoicefield"
        ], 
        "position": 1
    }, 
    "pk": 41, 
    "model": "core.basechoicefield"
},
{
    "fields": {
        "question": 16, 
        "title": "No, that job does not even exist anymore.", 
        "content_type": [
            "core", 
            "mediachoicefield"
        ], 
        "position": 1
    }, 
    "pk": 42, 
    "model": "core.basechoicefield"
},
{
    "fields": {
        "question": 17, 
        "title": "Lazy: It\u2019s not ok to choose your university according to the weather forecast.", 
        "content_type": [
            "core", 
            "mediachoicefield"
        ], 
        "position": 1
    }, 
    "pk": 43, 
    "model": "core.basechoicefield"
},
{
    "fields": {
        "question": 17, 
        "title": "Clever: Everybody wants to study where it\u2019s nice. They\u2019ll make a lot of great contacts.", 
        "content_type": [
            "core", 
            "mediachoicefield"
        ], 
        "position": 2
    }, 
    "pk": 44, 
    "model": "core.basechoicefield"
},
{
    "fields": {
        "question": 18, 
        "title": "Sure, I love my job.", 
        "content_type": [
            "core", 
            "mediachoicefield"
        ], 
        "position": 1
    }, 
    "pk": 45, 
    "model": "core.basechoicefield"
},
{
    "fields": {
        "question": 18, 
        "title": "Yes, but only to keep myself busy.", 
        "content_type": [
            "core", 
            "mediachoicefield"
        ], 
        "position": 2
    }, 
    "pk": 46, 
    "model": "core.basechoicefield"
},
{
    "fields": {
        "question": 18, 
        "title": "No way, I\u2019m only in it for the money.", 
        "content_type": [
            "core", 
            "mediachoicefield"
        ], 
        "position": 3
    }, 
    "pk": 47, 
    "model": "core.basechoicefield"
},
{
    "fields": {
        "question": 19, 
        "title": "Yes", 
        "content_type": [
            "core", 
            "textchoicefield"
        ], 
        "position": 1
    }, 
    "pk": 48, 
    "model": "core.basechoicefield"
},
{
    "fields": {
        "question": 19, 
        "title": "No", 
        "content_type": [
            "core", 
            "textchoicefield"
        ], 
        "position": 2
    }, 
    "pk": 49, 
    "model": "core.basechoicefield"
},
{
    "fields": {
        "question": 20, 
        "title": "within 2 years", 
        "content_type": [
            "core", 
            "mediachoicefield"
        ], 
        "position": 1
    }, 
    "pk": 50, 
    "model": "core.basechoicefield"
},
{
    "fields": {
        "question": 20, 
        "title": "within 5 years", 
        "content_type": [
            "core", 
            "mediachoicefield"
        ], 
        "position": 2
    }, 
    "pk": 51, 
    "model": "core.basechoicefield"
},
{
    "fields": {
        "question": 20, 
        "title": "within 10 years", 
        "content_type": [
            "core", 
            "mediachoicefield"
        ], 
        "position": 3
    }, 
    "pk": 52, 
    "model": "core.basechoicefield"
},
{
    "fields": {
        "question": 21, 
        "title": "fake my CV", 
        "content_type": [
            "core", 
            "mediachoicefield"
        ], 
        "position": 1
    }, 
    "pk": 53, 
    "model": "core.basechoicefield"
},
{
    "fields": {
        "question": 21, 
        "title": "break up with my partner", 
        "content_type": [
            "core", 
            "mediachoicefield"
        ], 
        "position": 2
    }, 
    "pk": 54, 
    "model": "core.basechoicefield"
},
{
    "fields": {
        "question": 21, 
        "title": "sleep my way up", 
        "content_type": [
            "core", 
            "mediachoicefield"
        ], 
        "position": 3
    }, 
    "pk": 55, 
    "model": "core.basechoicefield"
},
{
    "fields": {
        "question": 21, 
        "title": "do cash-in-hand jobs", 
        "content_type": [
            "core", 
            "mediachoicefield"
        ], 
        "position": 4
    }, 
    "pk": 56, 
    "model": "core.basechoicefield"
},
{
    "fields": {
        "question": 22, 
        "title": "Yes, my parents can count on it, and so can I.", 
        "content_type": [
            "core", 
            "mediachoicefield"
        ], 
        "position": 1
    }, 
    "pk": 57, 
    "model": "core.basechoicefield"
},
{
    "fields": {
        "question": 22, 
        "title": "Yes, but considering my late start, I will have to work way longer than my parents.", 
        "content_type": [
            "core", 
            "mediachoicefield"
        ], 
        "position": 2
    }, 
    "pk": 58, 
    "model": "core.basechoicefield"
},
{
    "fields": {
        "question": 22, 
        "title": "No, I\u2019ve figured it out: there\u2019s no Santa Claus and there\u2019s no retirement.", 
        "content_type": [
            "core", 
            "mediachoicefield"
        ], 
        "position": 3
    }, 
    "pk": 59, 
    "model": "core.basechoicefield"
},
{
    "fields": {
        "question": 23, 
        "title": "Yes, in any case", 
        "content_type": [
            "core", 
            "mediachoicefield"
        ], 
        "position": 1
    }, 
    "pk": 60, 
    "model": "core.basechoicefield"
},
{
    "fields": {
        "question": 23, 
        "title": "Yes, if it\u2019s doing well", 
        "content_type": [
            "core", 
            "mediachoicefield"
        ], 
        "position": 2
    }, 
    "pk": 61, 
    "model": "core.basechoicefield"
},
{
    "fields": {
        "question": 23, 
        "title": "Yes, but only to avoid upsetting them", 
        "content_type": [
            "core", 
            "mediachoicefield"
        ], 
        "position": 3
    }, 
    "pk": 62, 
    "model": "core.basechoicefield"
},
{
    "fields": {
        "question": 23, 
        "title": "No, never ever", 
        "content_type": [
            "core", 
            "mediachoicefield"
        ], 
        "position": 4
    }, 
    "pk": 63, 
    "model": "core.basechoicefield"
},
{
    "fields": {
        "question": 24, 
        "title": "Start a business", 
        "content_type": [
            "core", 
            "mediachoicefield"
        ], 
        "position": 1
    }, 
    "pk": 64, 
    "model": "core.basechoicefield"
},
{
    "fields": {
        "question": 24, 
        "title": "Organize a big party", 
        "content_type": [
            "core", 
            "mediachoicefield"
        ], 
        "position": 2
    }, 
    "pk": 65, 
    "model": "core.basechoicefield"
},
{
    "fields": {
        "question": 24, 
        "title": "Buy an apartment", 
        "content_type": [
            "core", 
            "mediachoicefield"
        ], 
        "position": 3
    }, 
    "pk": 66, 
    "model": "core.basechoicefield"
},
{
    "fields": {
        "question": 25, 
        "title": "Yes", 
        "content_type": [
            "core", 
            "textchoicefield"
        ], 
        "position": 1
    }, 
    "pk": 67, 
    "model": "core.basechoicefield"
},
{
    "fields": {
        "question": 25, 
        "title": "No", 
        "content_type": [
            "core", 
            "textchoicefield"
        ], 
        "position": 2
    }, 
    "pk": 68, 
    "model": "core.basechoicefield"
},
{
    "fields": {
        "question": 28, 
        "title": "Yes. As an intern you\u2019re here to learn. That's even better than a salary.", 
        "content_type": [
            "core", 
            "mediachoicefield"
        ], 
        "position": 1
    }, 
    "pk": 73, 
    "model": "core.basechoicefield"
},
{
    "fields": {
        "question": 28, 
        "title": "Slavery has been abolished, right? Of course interns should get a salary!", 
        "content_type": [
            "core", 
            "mediachoicefield"
        ], 
        "position": 2
    }, 
    "pk": 74, 
    "model": "core.basechoicefield"
},
{
    "fields": {
        "question": 29, 
        "title": "Yes, I fear losing my job", 
        "content_type": [
            "core", 
            "mediachoicefield"
        ], 
        "position": 1
    }, 
    "pk": 75, 
    "model": "core.basechoicefield"
},
{
    "fields": {
        "question": 29, 
        "title": "No, I feel no difference", 
        "content_type": [
            "core", 
            "mediachoicefield"
        ], 
        "position": 2
    }, 
    "pk": 76, 
    "model": "core.basechoicefield"
},
{
    "fields": {
        "question": 29, 
        "title": "Well, I\u2019ve lost my job", 
        "content_type": [
            "core", 
            "mediachoicefield"
        ], 
        "position": 3
    }, 
    "pk": 77, 
    "model": "core.basechoicefield"
},
{
    "fields": {
        "question": 30, 
        "title": "Yes! Everything else is feminist propaganda", 
        "content_type": [
            "core", 
            "mediachoicefield"
        ], 
        "position": 1
    }, 
    "pk": 78, 
    "model": "core.basechoicefield"
},
{
    "fields": {
        "question": 30, 
        "title": "No! But never seen it myself", 
        "content_type": [
            "core", 
            "mediachoicefield"
        ], 
        "position": 2
    }, 
    "pk": 79, 
    "model": "core.basechoicefield"
},
{
    "fields": {
        "question": 30, 
        "title": "No! And I speak from personal experience", 
        "content_type": [
            "core", 
            "mediachoicefield"
        ], 
        "position": 3
    }, 
    "pk": 80, 
    "model": "core.basechoicefield"
},
{
    "fields": {
        "question": 31, 
        "title": "My last work email", 
        "content_type": [
            "core", 
            "mediachoicefield"
        ], 
        "position": 1
    }, 
    "pk": 81, 
    "model": "core.basechoicefield"
},
{
    "fields": {
        "question": 31, 
        "title": "My address", 
        "content_type": [
            "core", 
            "mediachoicefield"
        ], 
        "position": 2
    }, 
    "pk": 82, 
    "model": "core.basechoicefield"
},
{
    "fields": {
        "question": 31, 
        "title": "My work pace", 
        "content_type": [
            "core", 
            "mediachoicefield"
        ], 
        "position": 3
    }, 
    "pk": 83, 
    "model": "core.basechoicefield"
},
{
    "fields": {
        "question": 31, 
        "title": "My drug consumption", 
        "content_type": [
            "core", 
            "mediachoicefield"
        ], 
        "position": 4
    }, 
    "pk": 84, 
    "model": "core.basechoicefield"
},
{
    "fields": {
        "question": 31, 
        "title": "My health record", 
        "content_type": [
            "core", 
            "mediachoicefield"
        ], 
        "position": 5
    }, 
    "pk": 85, 
    "model": "core.basechoicefield"
},
{
    "fields": {
        "question": 31, 
        "title": "My DNA", 
        "content_type": [
            "core", 
            "mediachoicefield"
        ], 
        "position": 6
    }, 
    "pk": 86, 
    "model": "core.basechoicefield"
},
{
    "fields": {
        "question": 33, 
        "title": "Yes", 
        "content_type": [
            "core", 
            "textchoicefield"
        ], 
        "position": 1
    }, 
    "pk": 87, 
    "model": "core.basechoicefield"
},
{
    "fields": {
        "question": 33, 
        "title": "No", 
        "content_type": [
            "core", 
            "textchoicefield"
        ], 
        "position": 2
    }, 
    "pk": 88, 
    "model": "core.basechoicefield"
},
{
    "fields": {
        "question": 34, 
        "title": "Yes, it helped a lot", 
        "content_type": [
            "core", 
            "mediachoicefield"
        ], 
        "position": 1
    }, 
    "pk": 89, 
    "model": "core.basechoicefield"
},
{
    "fields": {
        "question": 34, 
        "title": "I received a little help", 
        "content_type": [
            "core", 
            "mediachoicefield"
        ], 
        "position": 2
    }, 
    "pk": 90, 
    "model": "core.basechoicefield"
},
{
    "fields": {
        "question": 34, 
        "title": "Not at all", 
        "content_type": [
            "core", 
            "mediachoicefield"
        ], 
        "position": 3
    }, 
    "pk": 91, 
    "model": "core.basechoicefield"
},
{
    "fields": {
        "question": 35, 
        "title": "Yes, I should have priority", 
        "content_type": [
            "core", 
            "mediachoicefield"
        ], 
        "position": 1
    }, 
    "pk": 92, 
    "model": "core.basechoicefield"
},
{
    "fields": {
        "question": 35, 
        "title": "No, we need skilled immigrants", 
        "content_type": [
            "core", 
            "mediachoicefield"
        ], 
        "position": 2
    }, 
    "pk": 93, 
    "model": "core.basechoicefield"
},
{
    "fields": {
        "question": 36, 
        "title": "Yes", 
        "content_type": [
            "core", 
            "textchoicefield"
        ], 
        "position": 1
    }, 
    "pk": 94, 
    "model": "core.basechoicefield"
},
{
    "fields": {
        "question": 36, 
        "title": "No", 
        "content_type": [
            "core", 
            "textchoicefield"
        ], 
        "position": 2
    }, 
    "pk": 95, 
    "model": "core.basechoicefield"
},
{
    "fields": {
        "question": 37, 
        "title": "my union", 
        "content_type": [
            "core", 
            "mediachoicefield"
        ], 
        "position": 1
    }, 
    "pk": 96, 
    "model": "core.basechoicefield"
},
{
    "fields": {
        "question": 37, 
        "title": "my boss", 
        "content_type": [
            "core", 
            "mediachoicefield"
        ], 
        "position": 2
    }, 
    "pk": 97, 
    "model": "core.basechoicefield"
},
{
    "fields": {
        "question": 37, 
        "title": "my friends", 
        "content_type": [
            "core", 
            "mediachoicefield"
        ], 
        "position": 3
    }, 
    "pk": 98, 
    "model": "core.basechoicefield"
},
{
    "fields": {
        "question": 37, 
        "title": "my parents", 
        "content_type": [
            "core", 
            "mediachoicefield"
        ], 
        "position": 4
    }, 
    "pk": 99, 
    "model": "core.basechoicefield"
},
{
    "fields": {
        "question": 38, 
        "title": "Yes", 
        "content_type": [
            "core", 
            "textchoicefield"
        ], 
        "position": 1
    }, 
    "pk": 100, 
    "model": "core.basechoicefield"
},
{
    "fields": {
        "question": 38, 
        "title": "No", 
        "content_type": [
            "core", 
            "textchoicefield"
        ], 
        "position": 2
    }, 
    "pk": 101, 
    "model": "core.basechoicefield"
},
{
    "fields": {
        "question": 39, 
        "title": "Yes", 
        "content_type": [
            "core", 
            "textchoicefield"
        ], 
        "position": 1
    }, 
    "pk": 102, 
    "model": "core.basechoicefield"
},
{
    "fields": {
        "question": 39, 
        "title": "No", 
        "content_type": [
            "core", 
            "textchoicefield"
        ], 
        "position": 2
    }, 
    "pk": 103, 
    "model": "core.basechoicefield"
},
{
    "fields": {
        "question": 41, 
        "title": "Yes", 
        "content_type": [
            "core", 
            "mediachoicefield"
        ], 
        "position": 1
    }, 
    "pk": 109, 
    "model": "core.basechoicefield"
},
{
    "fields": {
        "question": 41, 
        "title": "No", 
        "content_type": [
            "core", 
            "mediachoicefield"
        ], 
        "position": 2
    }, 
    "pk": 110, 
    "model": "core.basechoicefield"
},
{
    "fields": {
        "question": 41, 
        "title": "I don\u2019t have a dream school", 
        "content_type": [
            "core", 
            "mediachoicefield"
        ], 
        "position": 3
    }, 
    "pk": 111, 
    "model": "core.basechoicefield"
},
{
    "fields": {
        "question": 42, 
        "title": "My family", 
        "content_type": [
            "core", 
            "mediachoicefield"
        ], 
        "position": 1
    }, 
    "pk": 112, 
    "model": "core.basechoicefield"
},
{
    "fields": {
        "question": 42, 
        "title": "My partner", 
        "content_type": [
            "core", 
            "mediachoicefield"
        ], 
        "position": 2
    }, 
    "pk": 113, 
    "model": "core.basechoicefield"
},
{
    "fields": {
        "question": 42, 
        "title": "My friends", 
        "content_type": [
            "core", 
            "mediachoicefield"
        ], 
        "position": 3
    }, 
    "pk": 114, 
    "model": "core.basechoicefield"
},
{
    "fields": {
        "question": 42, 
        "title": "The state", 
        "content_type": [
            "core", 
            "mediachoicefield"
        ], 
        "position": 4
    }, 
    "pk": 115, 
    "model": "core.basechoicefield"
},
{
    "fields": {
        "question": 42, 
        "title": "Loans", 
        "content_type": [
            "core", 
            "mediachoicefield"
        ], 
        "position": 5
    }, 
    "pk": 116, 
    "model": "core.basechoicefield"
},
{
    "fields": {
        "question": 44, 
        "title": "Yes", 
        "content_type": [
            "core", 
            "textchoicefield"
        ], 
        "position": 1
    }, 
    "pk": 117, 
    "model": "core.basechoicefield"
},
{
    "fields": {
        "question": 44, 
        "title": "No", 
        "content_type": [
            "core", 
            "textchoicefield"
        ], 
        "position": 2
    }, 
    "pk": 118, 
    "model": "core.basechoicefield"
},
{
    "fields": {
        "question": 47, 
        "title": "Online auctions", 
        "content_type": [
            "core", 
            "mediachoicefield"
        ], 
        "position": 1
    }, 
    "pk": 119, 
    "model": "core.basechoicefield"
},
{
    "fields": {
        "question": 47, 
        "title": "Flat rental ", 
        "content_type": [
            "core", 
            "mediachoicefield"
        ], 
        "position": 2
    }, 
    "pk": 120, 
    "model": "core.basechoicefield"
},
{
    "fields": {
        "question": 47, 
        "title": "Microwork", 
        "content_type": [
            "core", 
            "mediachoicefield"
        ], 
        "position": 3
    }, 
    "pk": 121, 
    "model": "core.basechoicefield"
},
{
    "fields": {
        "question": 47, 
        "title": "Carsharing", 
        "content_type": [
            "core", 
            "mediachoicefield"
        ], 
        "position": 4
    }, 
    "pk": 122, 
    "model": "core.basechoicefield"
},
{
    "fields": {
        "question": 47, 
        "title": "DIY Marketplace ", 
        "content_type": [
            "core", 
            "mediachoicefield"
        ], 
        "position": 5
    }, 
    "pk": 123, 
    "model": "core.basechoicefield"
},
{
    "fields": {
        "question": 48, 
        "title": "Yes, somebody should pay these people", 
        "content_type": [
            "core", 
            "mediachoicefield"
        ], 
        "position": 1
    }, 
    "pk": 124, 
    "model": "core.basechoicefield"
},
{
    "fields": {
        "question": 48, 
        "title": "No, it\u2019s a hobby not more", 
        "content_type": [
            "core", 
            "mediachoicefield"
        ], 
        "position": 2
    }, 
    "pk": 125, 
    "model": "core.basechoicefield"
},
{
    "fields": {
        "question": 48, 
        "title": "Now I don\u2019t even know what work is anymore", 
        "content_type": [
            "core", 
            "mediachoicefield"
        ], 
        "position": 3
    }, 
    "pk": 126, 
    "model": "core.basechoicefield"
},
{
    "fields": {
        "question": 49, 
        "title": "Civil servant, so my future is safe  ", 
        "content_type": [
            "core", 
            "mediachoicefield"
        ], 
        "position": 1
    }, 
    "pk": 127, 
    "model": "core.basechoicefield"
},
{
    "fields": {
        "question": 49, 
        "title": "Fixed-term contracts, to be able to change from time to time", 
        "content_type": [
            "core", 
            "mediachoicefield"
        ], 
        "position": 2
    }, 
    "pk": 128, 
    "model": "core.basechoicefield"
},
{
    "fields": {
        "question": 49, 
        "title": "A Permanent contract, to have maximum security", 
        "content_type": [
            "core", 
            "mediachoicefield"
        ], 
        "position": 3
    }, 
    "pk": 129, 
    "model": "core.basechoicefield"
},
{
    "fields": {
        "question": 49, 
        "title": "Self-employed, to be my own boss", 
        "content_type": [
            "core", 
            "mediachoicefield"
        ], 
        "position": 4
    }, 
    "pk": 130, 
    "model": "core.basechoicefield"
},
{
    "fields": {
        "question": 50, 
        "title": "Yes", 
        "content_type": [
            "core", 
            "textchoicefield"
        ], 
        "position": 1
    }, 
    "pk": 131, 
    "model": "core.basechoicefield"
},
{
    "fields": {
        "question": 50, 
        "title": "No", 
        "content_type": [
            "core", 
            "textchoicefield"
        ], 
        "position": 2
    }, 
    "pk": 132, 
    "model": "core.basechoicefield"
},
{
    "fields": {
        "question": 51, 
        "title": "My boss is a douchebag   ", 
        "content_type": [
            "core", 
            "mediachoicefield"
        ], 
        "position": 1
    }, 
    "pk": 133, 
    "model": "core.basechoicefield"
},
{
    "fields": {
        "question": 51, 
        "title": "My co-workers are unbearable", 
        "content_type": [
            "core", 
            "mediachoicefield"
        ], 
        "position": 2
    }, 
    "pk": 134, 
    "model": "core.basechoicefield"
},
{
    "fields": {
        "question": 51, 
        "title": "I don't get any (professional) satisfaction ", 
        "content_type": [
            "core", 
            "mediachoicefield"
        ], 
        "position": 3
    }, 
    "pk": 135, 
    "model": "core.basechoicefield"
},
{
    "fields": {
        "question": 51, 
        "title": "My salary is a joke", 
        "content_type": [
            "core", 
            "mediachoicefield"
        ], 
        "position": 4
    }, 
    "pk": 136, 
    "model": "core.basechoicefield"
},
{
    "fields": {
        "question": 51, 
        "title": "I don\u2019t have a private life any more", 
        "content_type": [
            "core", 
            "mediachoicefield"
        ], 
        "position": 5
    }, 
    "pk": 137, 
    "model": "core.basechoicefield"
},
{
    "fields": {
        "question": 52, 
        "title": "Coffee", 
        "content_type": [
            "core", 
            "mediachoicefield"
        ], 
        "position": 1
    }, 
    "pk": 138, 
    "model": "core.basechoicefield"
},
{
    "fields": {
        "question": 52, 
        "title": "Cocaine", 
        "content_type": [
            "core", 
            "mediachoicefield"
        ], 
        "position": 2
    }, 
    "pk": 139, 
    "model": "core.basechoicefield"
},
{
    "fields": {
        "question": 52, 
        "title": "Alcohol", 
        "content_type": [
            "core", 
            "mediachoicefield"
        ], 
        "position": 3
    }, 
    "pk": 140, 
    "model": "core.basechoicefield"
},
{
    "fields": {
        "question": 52, 
        "title": "Cannabis", 
        "content_type": [
            "core", 
            "mediachoicefield"
        ], 
        "position": 4
    }, 
    "pk": 141, 
    "model": "core.basechoicefield"
},
{
    "fields": {
        "question": 52, 
        "title": "LSD", 
        "content_type": [
            "core", 
            "mediachoicefield"
        ], 
        "position": 5
    }, 
    "pk": 142, 
    "model": "core.basechoicefield"
},
{
    "fields": {
        "question": 52, 
        "title": "None", 
        "content_type": [
            "core", 
            "mediachoicefield"
        ], 
        "position": 6
    }, 
    "pk": 143, 
    "model": "core.basechoicefield"
},
{
    "fields": {
        "question": 53, 
        "title": "Yes!", 
        "content_type": [
            "core", 
            "mediachoicefield"
        ], 
        "position": 1
    }, 
    "pk": 144, 
    "model": "core.basechoicefield"
},
{
    "fields": {
        "question": 53, 
        "title": "I prefer to use my contacts", 
        "content_type": [
            "core", 
            "mediachoicefield"
        ], 
        "position": 2
    }, 
    "pk": 145, 
    "model": "core.basechoicefield"
},
{
    "fields": {
        "question": 53, 
        "title": "I always do unsolicited applications", 
        "content_type": [
            "core", 
            "mediachoicefield"
        ], 
        "position": 3
    }, 
    "pk": 146, 
    "model": "core.basechoicefield"
},
{
    "fields": {
        "question": 54, 
        "title": "drink a cup of coffee (10 min)", 
        "content_type": [
            "core", 
            "mediachoicefield"
        ], 
        "position": 1
    }, 
    "pk": 147, 
    "model": "core.basechoicefield"
},
{
    "fields": {
        "question": 54, 
        "title": "read a long newspaper article (20 min)", 
        "content_type": [
            "core", 
            "mediachoicefield"
        ], 
        "position": 2
    }, 
    "pk": 148, 
    "model": "core.basechoicefield"
},
{
    "fields": {
        "question": 54, 
        "title": "listen to the entire album Cheese, by Stromae (40 min)", 
        "content_type": [
            "core", 
            "mediachoicefield"
        ], 
        "position": 3
    }, 
    "pk": 149, 
    "model": "core.basechoicefield"
},
{
    "fields": {
        "question": 54, 
        "title": "watch Gravity in full (1h30)", 
        "content_type": [
            "core", 
            "mediachoicefield"
        ], 
        "position": 4
    }, 
    "pk": 150, 
    "model": "core.basechoicefield"
},
{
    "fields": {
        "question": 54, 
        "title": "Not concerned, I stay at home", 
        "content_type": [
            "core", 
            "mediachoicefield"
        ], 
        "position": 5
    }, 
    "pk": 151, 
    "model": "core.basechoicefield"
},
{
    "fields": {
        "question": 55, 
        "title": "7 am or before", 
        "content_type": [
            "core", 
            "mediachoicefield"
        ], 
        "position": 1
    }, 
    "pk": 152, 
    "model": "core.basechoicefield"
},
{
    "fields": {
        "question": 55, 
        "title": "around 8 am", 
        "content_type": [
            "core", 
            "mediachoicefield"
        ], 
        "position": 2
    }, 
    "pk": 153, 
    "model": "core.basechoicefield"
},
{
    "fields": {
        "question": 55, 
        "title": "around 9 am", 
        "content_type": [
            "core", 
            "mediachoicefield"
        ], 
        "position": 3
    }, 
    "pk": 154, 
    "model": "core.basechoicefield"
},
{
    "fields": {
        "question": 55, 
        "title": "10 am or after", 
        "content_type": [
            "core", 
            "mediachoicefield"
        ], 
        "position": 4
    }, 
    "pk": 155, 
    "model": "core.basechoicefield"
},
{
    "fields": {
        "question": 56, 
        "title": "It\u2019s expensive to move!", 
        "content_type": [
            "core", 
            "mediachoicefield"
        ], 
        "position": 1
    }, 
    "pk": 156, 
    "model": "core.basechoicefield"
},
{
    "fields": {
        "question": 56, 
        "title": "I have more friends here", 
        "content_type": [
            "core", 
            "mediachoicefield"
        ], 
        "position": 2
    }, 
    "pk": 157, 
    "model": "core.basechoicefield"
},
{
    "fields": {
        "question": 56, 
        "title": "My family: Sometimes they get on my nerves, but I\u2019m attached to them", 
        "content_type": [
            "core", 
            "mediachoicefield"
        ], 
        "position": 3
    }, 
    "pk": 158, 
    "model": "core.basechoicefield"
},
{
    "fields": {
        "question": 56, 
        "title": "They don\u2019t even speak English there", 
        "content_type": [
            "core", 
            "mediachoicefield"
        ], 
        "position": 4
    }, 
    "pk": 159, 
    "model": "core.basechoicefield"
},
{
    "fields": {
        "question": 56, 
        "title": "C\u2019mon I\u2019m just a bit slower", 
        "content_type": [
            "core", 
            "mediachoicefield"
        ], 
        "position": 5
    }, 
    "pk": 160, 
    "model": "core.basechoicefield"
},
{
    "fields": {
        "question": 56, 
        "title": "Nothing, I\u2019m filling this out from my room in Berlin and it feels great!", 
        "content_type": [
            "core", 
            "mediachoicefield"
        ], 
        "position": 6
    }, 
    "pk": 161, 
    "model": "core.basechoicefield"
},
{
    "fields": {
        "question": 57, 
        "title": "I accept! It\u2019s nice to be friends with your employer", 
        "content_type": [
            "core", 
            "mediachoicefield"
        ], 
        "position": 1
    }, 
    "pk": 162, 
    "model": "core.basechoicefield"
},
{
    "fields": {
        "question": 57, 
        "title": "Never! I post all sorts of awkward things", 
        "content_type": [
            "core", 
            "mediachoicefield"
        ], 
        "position": 2
    }, 
    "pk": 163, 
    "model": "core.basechoicefield"
},
{
    "fields": {
        "question": 58, 
        "title": "just a couple of days", 
        "content_type": [
            "core", 
            "mediachoicefield"
        ], 
        "position": 1
    }, 
    "pk": 164, 
    "model": "core.basechoicefield"
},
{
    "fields": {
        "question": 58, 
        "title": "several months", 
        "content_type": [
            "core", 
            "mediachoicefield"
        ], 
        "position": 2
    }, 
    "pk": 165, 
    "model": "core.basechoicefield"
},
{
    "fields": {
        "question": 58, 
        "title": "over a year", 
        "content_type": [
            "core", 
            "mediachoicefield"
        ], 
        "position": 3
    }, 
    "pk": 166, 
    "model": "core.basechoicefield"
},
{
    "fields": {
        "question": 58, 
        "title": "a couple of years", 
        "content_type": [
            "core", 
            "mediachoicefield"
        ], 
        "position": 4
    }, 
    "pk": 167, 
    "model": "core.basechoicefield"
},
{
    "fields": {}, 
    "pk": 100, 
    "model": "core.textchoicefield"
},
{
    "fields": {}, 
    "pk": 39, 
    "model": "core.textchoicefield"
},
{
    "fields": {}, 
    "pk": 102, 
    "model": "core.textchoicefield"
},
{
    "fields": {}, 
    "pk": 48, 
    "model": "core.textchoicefield"
},
{
    "fields": {}, 
    "pk": 117, 
    "model": "core.textchoicefield"
},
{
    "fields": {}, 
    "pk": 9, 
    "model": "core.textchoicefield"
},
{
    "fields": {}, 
    "pk": 131, 
    "model": "core.textchoicefield"
},
{
    "fields": {}, 
    "pk": 8, 
    "model": "core.textchoicefield"
},
{
    "fields": {}, 
    "pk": 67, 
    "model": "core.textchoicefield"
},
{
    "fields": {}, 
    "pk": 31, 
    "model": "core.textchoicefield"
},
{
    "fields": {}, 
    "pk": 87, 
    "model": "core.textchoicefield"
},
{
    "fields": {}, 
    "pk": 32, 
    "model": "core.textchoicefield"
},
{
    "fields": {}, 
    "pk": 94, 
    "model": "core.textchoicefield"
},
{
    "fields": {}, 
    "pk": 38, 
    "model": "core.textchoicefield"
},
{
    "fields": {}, 
    "pk": 132, 
    "model": "core.textchoicefield"
},
{
    "fields": {}, 
    "pk": 49, 
    "model": "core.textchoicefield"
},
{
    "fields": {}, 
    "pk": 68, 
    "model": "core.textchoicefield"
},
{
    "fields": {}, 
    "pk": 88, 
    "model": "core.textchoicefield"
},
{
    "fields": {}, 
    "pk": 95, 
    "model": "core.textchoicefield"
},
{
    "fields": {}, 
    "pk": 101, 
    "model": "core.textchoicefield"
},
{
    "fields": {}, 
    "pk": 103, 
    "model": "core.textchoicefield"
},
{
    "fields": {}, 
    "pk": 118, 
    "model": "core.textchoicefield"
},
{
    "fields": {
        "picture": ""
    }, 
    "pk": 78, 
    "model": "core.mediachoicefield"
},
{
    "fields": {
        "picture": "uploaded/fixie.jpg"
    }, 
    "pk": 23, 
    "model": "core.mediachoicefield"
},
{
    "fields": {
        "picture": ""
    }, 
    "pk": 127, 
    "model": "core.mediachoicefield"
},
{
    "fields": {
        "picture": ""
    }, 
    "pk": 81, 
    "model": "core.mediachoicefield"
},
{
    "fields": {
        "picture": "uploaded/ipad.jpg"
    }, 
    "pk": 22, 
    "model": "core.mediachoicefield"
},
{
    "fields": {
        "picture": ""
    }, 
    "pk": 124, 
    "model": "core.mediachoicefield"
},
{
    "fields": {
        "picture": "uploaded/images.jpg"
    }, 
    "pk": 119, 
    "model": "core.mediachoicefield"
},
{
    "fields": {
        "picture": ""
    }, 
    "pk": 112, 
    "model": "core.mediachoicefield"
},
{
    "fields": {
        "picture": ""
    }, 
    "pk": 109, 
    "model": "core.mediachoicefield"
},
{
    "fields": {
        "picture": ""
    }, 
    "pk": 89, 
    "model": "core.mediachoicefield"
},
{
    "fields": {
        "picture": "uploaded/dvd.jpg"
    }, 
    "pk": 21, 
    "model": "core.mediachoicefield"
},
{
    "fields": {
        "picture": ""
    }, 
    "pk": 96, 
    "model": "core.mediachoicefield"
},
{
    "fields": {
        "picture": ""
    }, 
    "pk": 92, 
    "model": "core.mediachoicefield"
},
{
    "fields": {
        "picture": ""
    }, 
    "pk": 40, 
    "model": "core.mediachoicefield"
},
{
    "fields": {
        "picture": ""
    }, 
    "pk": 41, 
    "model": "core.mediachoicefield"
},
{
    "fields": {
        "picture": ""
    }, 
    "pk": 42, 
    "model": "core.mediachoicefield"
},
{
    "fields": {
        "picture": ""
    }, 
    "pk": 43, 
    "model": "core.mediachoicefield"
},
{
    "fields": {
        "picture": ""
    }, 
    "pk": 17, 
    "model": "core.mediachoicefield"
},
{
    "fields": {
        "picture": ""
    }, 
    "pk": 45, 
    "model": "core.mediachoicefield"
},
{
    "fields": {
        "picture": ""
    }, 
    "pk": 18, 
    "model": "core.mediachoicefield"
},
{
    "fields": {
        "picture": ""
    }, 
    "pk": 164, 
    "model": "core.mediachoicefield"
},
{
    "fields": {
        "picture": ""
    }, 
    "pk": 50, 
    "model": "core.mediachoicefield"
},
{
    "fields": {
        "picture": ""
    }, 
    "pk": 19, 
    "model": "core.mediachoicefield"
},
{
    "fields": {
        "picture": ""
    }, 
    "pk": 162, 
    "model": "core.mediachoicefield"
},
{
    "fields": {
        "picture": ""
    }, 
    "pk": 53, 
    "model": "core.mediachoicefield"
},
{
    "fields": {
        "picture": ""
    }, 
    "pk": 20, 
    "model": "core.mediachoicefield"
},
{
    "fields": {
        "picture": ""
    }, 
    "pk": 156, 
    "model": "core.mediachoicefield"
},
{
    "fields": {
        "picture": ""
    }, 
    "pk": 152, 
    "model": "core.mediachoicefield"
},
{
    "fields": {
        "picture": ""
    }, 
    "pk": 57, 
    "model": "core.mediachoicefield"
},
{
    "fields": {
        "picture": ""
    }, 
    "pk": 24, 
    "model": "core.mediachoicefield"
},
{
    "fields": {
        "picture": ""
    }, 
    "pk": 147, 
    "model": "core.mediachoicefield"
},
{
    "fields": {
        "picture": ""
    }, 
    "pk": 60, 
    "model": "core.mediachoicefield"
},
{
    "fields": {
        "picture": ""
    }, 
    "pk": 25, 
    "model": "core.mediachoicefield"
},
{
    "fields": {
        "picture": ""
    }, 
    "pk": 144, 
    "model": "core.mediachoicefield"
},
{
    "fields": {
        "picture": ""
    }, 
    "pk": 16, 
    "model": "core.mediachoicefield"
},
{
    "fields": {
        "picture": ""
    }, 
    "pk": 64, 
    "model": "core.mediachoicefield"
},
{
    "fields": {
        "picture": ""
    }, 
    "pk": 26, 
    "model": "core.mediachoicefield"
},
{
    "fields": {
        "picture": ""
    }, 
    "pk": 138, 
    "model": "core.mediachoicefield"
},
{
    "fields": {
        "picture": ""
    }, 
    "pk": 73, 
    "model": "core.mediachoicefield"
},
{
    "fields": {
        "picture": ""
    }, 
    "pk": 27, 
    "model": "core.mediachoicefield"
},
{
    "fields": {
        "picture": ""
    }, 
    "pk": 75, 
    "model": "core.mediachoicefield"
},
{
    "fields": {
        "picture": ""
    }, 
    "pk": 28, 
    "model": "core.mediachoicefield"
},
{
    "fields": {
        "picture": ""
    }, 
    "pk": 133, 
    "model": "core.mediachoicefield"
},
{
    "fields": {
        "picture": ""
    }, 
    "pk": 139, 
    "model": "core.mediachoicefield"
},
{
    "fields": {
        "picture": ""
    }, 
    "pk": 44, 
    "model": "core.mediachoicefield"
},
{
    "fields": {
        "picture": ""
    }, 
    "pk": 46, 
    "model": "core.mediachoicefield"
},
{
    "fields": {
        "picture": ""
    }, 
    "pk": 51, 
    "model": "core.mediachoicefield"
},
{
    "fields": {
        "picture": ""
    }, 
    "pk": 54, 
    "model": "core.mediachoicefield"
},
{
    "fields": {
        "picture": ""
    }, 
    "pk": 58, 
    "model": "core.mediachoicefield"
},
{
    "fields": {
        "picture": ""
    }, 
    "pk": 61, 
    "model": "core.mediachoicefield"
},
{
    "fields": {
        "picture": ""
    }, 
    "pk": 65, 
    "model": "core.mediachoicefield"
},
{
    "fields": {
        "picture": ""
    }, 
    "pk": 74, 
    "model": "core.mediachoicefield"
},
{
    "fields": {
        "picture": ""
    }, 
    "pk": 76, 
    "model": "core.mediachoicefield"
},
{
    "fields": {
        "picture": ""
    }, 
    "pk": 79, 
    "model": "core.mediachoicefield"
},
{
    "fields": {
        "picture": ""
    }, 
    "pk": 82, 
    "model": "core.mediachoicefield"
},
{
    "fields": {
        "picture": ""
    }, 
    "pk": 90, 
    "model": "core.mediachoicefield"
},
{
    "fields": {
        "picture": ""
    }, 
    "pk": 93, 
    "model": "core.mediachoicefield"
},
{
    "fields": {
        "picture": ""
    }, 
    "pk": 97, 
    "model": "core.mediachoicefield"
},
{
    "fields": {
        "picture": ""
    }, 
    "pk": 110, 
    "model": "core.mediachoicefield"
},
{
    "fields": {
        "picture": ""
    }, 
    "pk": 113, 
    "model": "core.mediachoicefield"
},
{
    "fields": {
        "picture": "uploaded/airbnb-logo.jpg"
    }, 
    "pk": 120, 
    "model": "core.mediachoicefield"
},
{
    "fields": {
        "picture": ""
    }, 
    "pk": 125, 
    "model": "core.mediachoicefield"
},
{
    "fields": {
        "picture": ""
    }, 
    "pk": 128, 
    "model": "core.mediachoicefield"
},
{
    "fields": {
        "picture": ""
    }, 
    "pk": 134, 
    "model": "core.mediachoicefield"
},
{
    "fields": {
        "picture": ""
    }, 
    "pk": 145, 
    "model": "core.mediachoicefield"
},
{
    "fields": {
        "picture": ""
    }, 
    "pk": 148, 
    "model": "core.mediachoicefield"
},
{
    "fields": {
        "picture": ""
    }, 
    "pk": 153, 
    "model": "core.mediachoicefield"
},
{
    "fields": {
        "picture": ""
    }, 
    "pk": 157, 
    "model": "core.mediachoicefield"
},
{
    "fields": {
        "picture": ""
    }, 
    "pk": 163, 
    "model": "core.mediachoicefield"
},
{
    "fields": {
        "picture": ""
    }, 
    "pk": 165, 
    "model": "core.mediachoicefield"
},
{
    "fields": {
        "picture": ""
    }, 
    "pk": 52, 
    "model": "core.mediachoicefield"
},
{
    "fields": {
        "picture": ""
    }, 
    "pk": 146, 
    "model": "core.mediachoicefield"
},
{
    "fields": {
        "picture": ""
    }, 
    "pk": 59, 
    "model": "core.mediachoicefield"
},
{
    "fields": {
        "picture": ""
    }, 
    "pk": 166, 
    "model": "core.mediachoicefield"
},
{
    "fields": {
        "picture": ""
    }, 
    "pk": 149, 
    "model": "core.mediachoicefield"
},
{
    "fields": {
        "picture": ""
    }, 
    "pk": 80, 
    "model": "core.mediachoicefield"
},
{
    "fields": {
        "picture": ""
    }, 
    "pk": 154, 
    "model": "core.mediachoicefield"
},
{
    "fields": {
        "picture": ""
    }, 
    "pk": 114, 
    "model": "core.mediachoicefield"
},
{
    "fields": {
        "picture": ""
    }, 
    "pk": 47, 
    "model": "core.mediachoicefield"
},
{
    "fields": {
        "picture": ""
    }, 
    "pk": 129, 
    "model": "core.mediachoicefield"
},
{
    "fields": {
        "picture": ""
    }, 
    "pk": 158, 
    "model": "core.mediachoicefield"
},
{
    "fields": {
        "picture": ""
    }, 
    "pk": 77, 
    "model": "core.mediachoicefield"
},
{
    "fields": {
        "picture": ""
    }, 
    "pk": 111, 
    "model": "core.mediachoicefield"
},
{
    "fields": {
        "picture": ""
    }, 
    "pk": 135, 
    "model": "core.mediachoicefield"
},
{
    "fields": {
        "picture": ""
    }, 
    "pk": 83, 
    "model": "core.mediachoicefield"
},
{
    "fields": {
        "picture": ""
    }, 
    "pk": 55, 
    "model": "core.mediachoicefield"
},
{
    "fields": {
        "picture": ""
    }, 
    "pk": 66, 
    "model": "core.mediachoicefield"
},
{
    "fields": {
        "picture": "uploaded/550685dab8570493_TaskRabbit_logo.jpg"
    }, 
    "pk": 121, 
    "model": "core.mediachoicefield"
},
{
    "fields": {
        "picture": ""
    }, 
    "pk": 140, 
    "model": "core.mediachoicefield"
},
{
    "fields": {
        "picture": ""
    }, 
    "pk": 126, 
    "model": "core.mediachoicefield"
},
{
    "fields": {
        "picture": ""
    }, 
    "pk": 98, 
    "model": "core.mediachoicefield"
},
{
    "fields": {
        "picture": ""
    }, 
    "pk": 91, 
    "model": "core.mediachoicefield"
},
{
    "fields": {
        "picture": ""
    }, 
    "pk": 62, 
    "model": "core.mediachoicefield"
},
{
    "fields": {
        "picture": ""
    }, 
    "pk": 84, 
    "model": "core.mediachoicefield"
},
{
    "fields": {
        "picture": "uploaded/logo_blabla_300.jpg"
    }, 
    "pk": 122, 
    "model": "core.mediachoicefield"
},
{
    "fields": {
        "picture": ""
    }, 
    "pk": 159, 
    "model": "core.mediachoicefield"
},
{
    "fields": {
        "picture": ""
    }, 
    "pk": 130, 
    "model": "core.mediachoicefield"
},
{
    "fields": {
        "picture": ""
    }, 
    "pk": 136, 
    "model": "core.mediachoicefield"
},
{
    "fields": {
        "picture": ""
    }, 
    "pk": 63, 
    "model": "core.mediachoicefield"
},
{
    "fields": {
        "picture": ""
    }, 
    "pk": 141, 
    "model": "core.mediachoicefield"
},
{
    "fields": {
        "picture": ""
    }, 
    "pk": 150, 
    "model": "core.mediachoicefield"
},
{
    "fields": {
        "picture": ""
    }, 
    "pk": 56, 
    "model": "core.mediachoicefield"
},
{
    "fields": {
        "picture": ""
    }, 
    "pk": 155, 
    "model": "core.mediachoicefield"
},
{
    "fields": {
        "picture": ""
    }, 
    "pk": 99, 
    "model": "core.mediachoicefield"
},
{
    "fields": {
        "picture": ""
    }, 
    "pk": 167, 
    "model": "core.mediachoicefield"
},
{
    "fields": {
        "picture": ""
    }, 
    "pk": 115, 
    "model": "core.mediachoicefield"
},
{
    "fields": {
        "picture": ""
    }, 
    "pk": 142, 
    "model": "core.mediachoicefield"
},
{
    "fields": {
        "picture": ""
    }, 
    "pk": 151, 
    "model": "core.mediachoicefield"
},
{
    "fields": {
        "picture": ""
    }, 
    "pk": 160, 
    "model": "core.mediachoicefield"
},
{
    "fields": {
        "picture": "uploaded/etsy-logo-copy.jpg"
    }, 
    "pk": 123, 
    "model": "core.mediachoicefield"
},
{
    "fields": {
        "picture": ""
    }, 
    "pk": 137, 
    "model": "core.mediachoicefield"
},
{
    "fields": {
        "picture": ""
    }, 
    "pk": 85, 
    "model": "core.mediachoicefield"
},
{
    "fields": {
        "picture": ""
    }, 
    "pk": 116, 
    "model": "core.mediachoicefield"
},
{
    "fields": {
        "picture": ""
    }, 
    "pk": 86, 
    "model": "core.mediachoicefield"
},
{
    "fields": {
        "picture": ""
    }, 
    "pk": 143, 
    "model": "core.mediachoicefield"
},
{
    "fields": {
        "picture": ""
    }, 
    "pk": 161, 
    "model": "core.mediachoicefield"
},
{
    "fields": {
        "value": "female"
    }, 
    "pk": 14, 
    "model": "core.userchoicefield"
},
{
    "fields": {
        "value": "male"
    }, 
    "pk": 15, 
    "model": "core.userchoicefield"
}
]