[
  {
    "pk": 1,
    "model": "core.questionmediaattachement",
    "fields": {
      "picture": "uploaded/VIOLENCE.jpeg",
      "question": 10
    }
  },
  {
    "pk": 1,
    "model": "core.thematicelement",
    "fields": {
      "thematic": 1,
      "object_id": 1,
      "content_type": 32,
      "position": 0
    }
  },
  {
    "pk": 2,
    "model": "core.thematicelement",
    "fields": {
      "thematic": 1,
      "object_id": 2,
      "content_type": 33,
      "position": 3
    }
  },
  {
    "pk": 3,
    "model": "core.thematicelement",
    "fields": {
      "thematic": 1,
      "object_id": 3,
      "content_type": 33,
      "position": 1
    }
  },
  {
    "pk": 4,
    "model": "core.thematicelement",
    "fields": {
      "thematic": 2,
      "object_id": 4,
      "content_type": 28,
      "position": 5
    }
  },
  {
    "pk": 5,
    "model": "core.thematicelement",
    "fields": {
      "thematic": 2,
      "object_id": 5,
      "content_type": 30,
      "position": 4
    }
  },
  {
    "pk": 6,
    "model": "core.thematicelement",
    "fields": {
      "thematic": 2,
      "object_id": 6,
      "content_type": 29,
      "position": 3
    }
  },
  {
    "pk": 7,
    "model": "core.thematicelement",
    "fields": {
      "thematic": 2,
      "object_id": 7,
      "content_type": 25,
      "position": 2
    }
  },
  {
    "pk": 8,
    "model": "core.thematicelement",
    "fields": {
      "thematic": 2,
      "object_id": 8,
      "content_type": 26,
      "position": 1
    }
  },
  {
    "pk": 9,
    "model": "core.thematicelement",
    "fields": {
      "thematic": 1,
      "object_id": 9,
      "content_type": 34,
      "position": 2
    }
  },
  {
    "pk": 10,
    "model": "core.thematicelement",
    "fields": {
      "thematic": 2,
      "object_id": 10,
      "content_type": 27,
      "position": 0
    }
  },
  {
    "pk": 1,
    "model": "core.thematic",
    "fields": {
      "intro_description": "Introduction",
      "position": 0,
      "intro_button_label": "",
      "title": "You"
    }
  },
  {
    "pk": 2,
    "model": "core.thematic",
    "fields": {
      "intro_description": "Serious business",
      "position": 1,
      "intro_button_label": "See the data",
      "title": "Your work"
    }
  },
  {
    "pk": 1,
    "model": "core.basequestion",
    "fields": {
      "hint_text": "Enter your age and validate",
      "skip_button_label": "Skip this question",
      "content_type": 32,
      "label": "What is your age ?"
    }
  },
  {
    "pk": 2,
    "model": "core.basequestion",
    "fields": {
      "hint_text": "Select your native country",
      "skip_button_label": "Skip this question",
      "content_type": 33,
      "label": "Where do you come from ?"
    }
  },
  {
    "pk": 3,
    "model": "core.basequestion",
    "fields": {
      "hint_text": "Select your living country",
      "skip_button_label": "Skip this question",
      "content_type": 33,
      "label": "Where do you live ?"
    }
  },
  {
    "pk": 4,
    "model": "core.basequestion",
    "fields": {
      "hint_text": "Answer by yes or no",
      "skip_button_label": "Skip this question",
      "content_type": 28,
      "label": "Are you happy ?"
    }
  },
  {
    "pk": 5,
    "model": "core.basequestion",
    "fields": {
      "hint_text": "Select one or multiple answer",
      "skip_button_label": "Skip this question",
      "content_type": 30,
      "label": "My label is sexy"
    }
  },
  {
    "pk": 6,
    "model": "core.basequestion",
    "fields": {
      "hint_text": "Select one answer",
      "skip_button_label": "Skip this question",
      "content_type": 29,
      "label": "Who is your boss ?"
    }
  },
  {
    "pk": 7,
    "model": "core.basequestion",
    "fields": {
      "hint_text": "Slide to your ideal salary and validate",
      "skip_button_label": "Skip this question",
      "content_type": 25,
      "label": "What would be your perfect salary"
    }
  },
  {
    "pk": 8,
    "model": "core.basequestion",
    "fields": {
      "hint_text": "Chose one or multiple answer",
      "skip_button_label": "Skip this question",
      "content_type": 26,
      "label": "Do you agree with these statements ? "
    }
  },
  {
    "pk": 9,
    "model": "core.basequestion",
    "fields": {
      "hint_text": "Select your gender",
      "skip_button_label": "Skip this question",
      "content_type": 34,
      "label": "What is your gender ?"
    }
  },
  {
    "pk": 10,
    "model": "core.basequestion",
    "fields": {
      "hint_text": "Select one answer",
      "skip_button_label": "Skip this question",
      "content_type": 27,
      "label": "Some say hey, other say ?"
    }
  },
  {
    "pk": 7,
    "model": "core.typednumberquestion",
    "fields": {
      "validate_button_label": "Done",
      "max_number": 3000,
      "min_number": 0,
      "unit": "€/month"
    }
  },
  {
    "pk": 8,
    "model": "core.textselectionquestion",
    "fields": {
      "validate_button_label": "Done"
    }
  },
  {
    "pk": 10,
    "model": "core.textradioquestion",
    "fields": {}
  },
  {
    "pk": 4,
    "model": "core.booleanquestion",
    "fields": {}
  },
  {
    "pk": 6,
    "model": "core.mediaradioquestion",
    "fields": {
      "media_type": "image"
    }
  },
  {
    "pk": 5,
    "model": "core.mediaselectionquestion",
    "fields": {
      "media_type": "icon",
      "validate_button_label": "Done"
    }
  },
  {
    "pk": 1,
    "model": "core.userprofilequestion",
    "fields": {}
  },
  {
    "pk": 2,
    "model": "core.userprofilequestion",
    "fields": {}
  },
  {
    "pk": 3,
    "model": "core.userprofilequestion",
    "fields": {}
  },
  {
    "pk": 9,
    "model": "core.userprofilequestion",
    "fields": {}
  },
  {
    "pk": 1,
    "model": "core.useragequestion",
    "fields": {
      "validate_button_label": "Done"
    }
  },
  {
    "pk": 2,
    "model": "core.usercountryquestion",
    "fields": {
      "profile_attribute": "native_country"
    }
  },
  {
    "pk": 3,
    "model": "core.usercountryquestion",
    "fields": {
      "profile_attribute": "living_country"
    }
  },
  {
    "pk": 9,
    "model": "core.usergenderquestion",
    "fields": {}
  },
  {
    "pk": 1,
    "model": "core.basechoicefield",
    "fields": {
      "question": 4,
      "title": "yes"
    }
  },
  {
    "pk": 2,
    "model": "core.basechoicefield",
    "fields": {
      "question": 4,
      "title": "no"
    }
  },
  {
    "pk": 3,
    "model": "core.basechoicefield",
    "fields": {
      "question": 5,
      "title": "Etsy"
    }
  },
  {
    "pk": 4,
    "model": "core.basechoicefield",
    "fields": {
      "question": 5,
      "title": "Ebay"
    }
  },
  {
    "pk": 5,
    "model": "core.basechoicefield",
    "fields": {
      "question": 5,
      "title": "Bnb"
    }
  },
  {
    "pk": 6,
    "model": "core.basechoicefield",
    "fields": {
      "question": 6,
      "title": "Patton"
    }
  },
  {
    "pk": 7,
    "model": "core.basechoicefield",
    "fields": {
      "question": 6,
      "title": "Pasteur"
    }
  },
  {
    "pk": 8,
    "model": "core.basechoicefield",
    "fields": {
      "question": 8,
      "title": "I like cakes"
    }
  },
  {
    "pk": 9,
    "model": "core.basechoicefield",
    "fields": {
      "question": 8,
      "title": "I almost like carots"
    }
  },
  {
    "pk": 10,
    "model": "core.basechoicefield",
    "fields": {
      "question": 8,
      "title": "Did someone said duck ?"
    }
  },
  {
    "pk": 11,
    "model": "core.basechoicefield",
    "fields": {
      "question": 9,
      "title": "Male"
    }
  },
  {
    "pk": 12,
    "model": "core.basechoicefield",
    "fields": {
      "question": 9,
      "title": "Female"
    }
  },
  {
    "pk": 13,
    "model": "core.basechoicefield",
    "fields": {
      "question": 10,
      "title": "Hoy !"
    }
  },
  {
    "pk": 14,
    "model": "core.basechoicefield",
    "fields": {
      "question": 10,
      "title": "Tomboy ! "
    }
  },
  {
    "pk": 1,
    "model": "core.textchoicefield",
    "fields": {}
  },
  {
    "pk": 2,
    "model": "core.textchoicefield",
    "fields": {}
  },
  {
    "pk": 8,
    "model": "core.textchoicefield",
    "fields": {}
  },
  {
    "pk": 9,
    "model": "core.textchoicefield",
    "fields": {}
  },
  {
    "pk": 10,
    "model": "core.textchoicefield",
    "fields": {}
  },
  {
    "pk": 13,
    "model": "core.textchoicefield",
    "fields": {}
  },
  {
    "pk": 14,
    "model": "core.textchoicefield",
    "fields": {}
  },
  {
    "pk": 3,
    "model": "core.mediachoicefield",
    "fields": {
      "picture": "uploaded/Capture_décran_2014-01-23_à_17.38.35_1.png"
    }
  },
  {
    "pk": 4,
    "model": "core.mediachoicefield",
    "fields": {
      "picture": "uploaded/Capture_décran_2014-01-23_à_17.38.29.png"
    }
  },
  {
    "pk": 5,
    "model": "core.mediachoicefield",
    "fields": {
      "picture": "uploaded/Capture_décran_2014-01-23_à_17.38.32.png"
    }
  },
  {
    "pk": 6,
    "model": "core.mediachoicefield",
    "fields": {
      "picture": "uploaded/patton.png"
    }
  },
  {
    "pk": 7,
    "model": "core.mediachoicefield",
    "fields": {
      "picture": "uploaded/pasteur.jpg"
    }
  },
  {
    "pk": 11,
    "model": "core.userchoicefield",
    "fields": {
      "value": "male"
    }
  },
  {
    "pk": 12,
    "model": "core.userchoicefield",
    "fields": {
      "value": "female"
    }
  }
]